uid,response
8572,tensor(-0.0071)
179,tensor(0.0137)
5664,tensor(0.0222)
3587,tensor(0.0028)
6711,tensor(0.0543)
8283,tensor(0.0467)
7732,tensor(0.0426)
7835,tensor(0.0465)
17309,tensor(0.0002)
16585,tensor(0.0461)
939,tensor(0.0625)
17756,tensor(0.0224)
9693,tensor(0.0380)
1192,tensor(-0.0063)
17090,tensor(0.0450)
9719,tensor(0.0094)
7419,tensor(0.0312)
17472,tensor(0.0347)
14805,tensor(0.0354)
1422,tensor(0.0438)
8628,tensor(0.0222)
1661,tensor(0.0724)
11622,tensor(-0.0353)
7481,tensor(0.0210)
6832,tensor(-0.0043)
3546,tensor(0.0081)
13057,tensor(0.0536)
13521,tensor(0.0078)
17928,tensor(0.0407)
6361,tensor(-0.0022)
6334,tensor(-0.0165)
829,tensor(-0.0022)
8443,tensor(0.0180)
15355,tensor(0.0752)
2427,tensor(0.0845)
4080,tensor(0.0444)
13044,tensor(-0.0279)
16983,tensor(0.6748)
11238,tensor(-0.6890)
13987,tensor(0.0204)
11924,tensor(-0.0060)
7333,tensor(-0.1208)
10483,tensor(-0.0159)
3341,tensor(0.0355)
4036,tensor(-0.0035)
1510,tensor(0.0396)
12160,tensor(-0.0337)
4275,tensor(0.0303)
8305,tensor(0.0722)
11958,tensor(0.0823)
297,tensor(0.0367)
16511,tensor(0.0673)
16290,tensor(0.0362)
5928,tensor(-0.0178)
739,tensor(-0.0024)
7012,tensor(0.0059)
7750,tensor(0.0607)
2070,tensor(-0.0213)
4477,tensor(0.0207)
12373,tensor(0.0370)
3878,tensor(0.6534)
2585,tensor(0.0183)
13383,tensor(0.0548)
13651,tensor(0.0365)
5522,tensor(0.0148)
836,tensor(0.0118)
12919,tensor(0.0422)
11265,tensor(0.0334)
8192,tensor(0.0407)
6885,tensor(-0.0005)
13994,tensor(-0.0300)
14583,tensor(-0.0127)
11962,tensor(0.0321)
11444,tensor(0.1399)
14303,tensor(0.0493)
13859,tensor(0.0183)
8294,tensor(-0.0128)
490,tensor(0.0349)
15279,tensor(0.0520)
9585,tensor(0.0258)
16097,tensor(-0.0130)
10481,tensor(0.0642)
2906,tensor(2.7299e-05)
16132,tensor(0.0263)
16688,tensor(-0.0652)
350,tensor(0.0124)
1151,tensor(0.0273)
9487,tensor(-0.0104)
13131,tensor(-0.0061)
1716,tensor(-0.0202)
11025,tensor(0.0402)
3765,tensor(-0.0223)
3283,tensor(0.0488)
2210,tensor(-0.0653)
7533,tensor(0.0027)
3492,tensor(0.0325)
9792,tensor(0.0524)
6512,tensor(0.0538)
5157,tensor(-0.0883)
3040,tensor(0.1021)
6120,tensor(-0.0239)
1112,tensor(0.0542)
11942,tensor(-0.0015)
10870,tensor(-0.0046)
15511,tensor(-0.0047)
11913,tensor(0.0204)
3470,tensor(0.0380)
17977,tensor(0.0041)
463,tensor(0.0901)
14612,tensor(0.0436)
4395,tensor(-0.0143)
4945,tensor(-0.0258)
11627,tensor(0.0368)
12502,tensor(0.0155)
3889,tensor(-0.0083)
7603,tensor(0.0075)
12009,tensor(0.0087)
17863,tensor(-0.0012)
6416,tensor(-0.0173)
13673,tensor(0.0202)
11977,tensor(0.0066)
14395,tensor(0.0609)
5129,tensor(0.0411)
1787,tensor(0.0054)
2547,tensor(-0.0344)
6940,tensor(0.1076)
14398,tensor(0.0166)
426,tensor(0.0959)
15442,tensor(0.0179)
6690,tensor(-0.0015)
7145,tensor(-0.0131)
7788,tensor(0.0144)
1034,tensor(0.0185)
13881,tensor(-0.0174)
14508,tensor(0.0428)
7492,tensor(-0.0063)
12944,tensor(0.0421)
10528,tensor(-0.0015)
9962,tensor(-0.0026)
14369,tensor(0.0505)
7550,tensor(0.0118)
2249,tensor(0.0121)
11210,tensor(-0.0234)
7636,tensor(0.0803)
15999,tensor(0.0434)
4764,tensor(-0.0273)
7796,tensor(0.0321)
10797,tensor(0.0635)
8691,tensor(-0.0147)
9120,tensor(-0.0597)
10958,tensor(0.0031)
15627,tensor(0.2762)
7133,tensor(-0.0053)
9916,tensor(-0.1367)
14981,tensor(0.0159)
17675,tensor(0.0303)
17329,tensor(-0.0176)
4566,tensor(-0.0983)
15168,tensor(0.0368)
7087,tensor(0.0414)
14807,tensor(-0.0040)
12805,tensor(-0.0325)
10695,tensor(0.0362)
10987,tensor(0.0421)
17407,tensor(0.0409)
10832,tensor(0.0264)
8301,tensor(0.0254)
17077,tensor(0.0020)
1435,tensor(0.0243)
1911,tensor(0.0056)
16543,tensor(-0.0211)
3914,tensor(-0.0083)
2201,tensor(0.0532)
157,tensor(0.0162)
1021,tensor(0.0101)
8543,tensor(0.0111)
13089,tensor(0.0198)
8302,tensor(0.0374)
6349,tensor(0.0773)
16158,tensor(-0.0227)
11101,tensor(0.0424)
10624,tensor(0.0504)
6896,tensor(-0.0911)
16779,tensor(0.0358)
1227,tensor(-0.0080)
9696,tensor(-0.0124)
15910,tensor(0.1248)
9456,tensor(-0.0077)
16482,tensor(0.0021)
846,tensor(0.1302)
6065,tensor(-0.0476)
2683,tensor(0.0391)
155,tensor(-0.0117)
16354,tensor(0.0104)
6178,tensor(0.1733)
8113,tensor(-0.0112)
7175,tensor(-0.0097)
5903,tensor(-0.0101)
15190,tensor(-0.0312)
3865,tensor(0.0170)
17293,tensor(-0.0041)
13344,tensor(0.0423)
8722,tensor(-0.0649)
48,tensor(0.1019)
14728,tensor(0.0317)
14228,tensor(-0.0385)
3634,tensor(0.0120)
12324,tensor(-0.0019)
277,tensor(0.0218)
14530,tensor(0.0144)
4437,tensor(0.0045)
9586,tensor(0.0855)
9031,tensor(0.6925)
12734,tensor(0.0106)
4152,tensor(-0.1558)
8470,tensor(-0.0210)
16233,tensor(0.0716)
9121,tensor(0.0329)
12738,tensor(-0.0071)
16044,tensor(0.0529)
1097,tensor(0.0220)
13732,tensor(-0.0457)
1067,tensor(0.0119)
3253,tensor(-0.0076)
4598,tensor(0.1343)
7286,tensor(0.0256)
7562,tensor(-0.0186)
17682,tensor(-0.0127)
7108,tensor(0.0139)
9609,tensor(-0.0186)
2627,tensor(0.0043)
6548,tensor(-0.0005)
15754,tensor(0.0069)
14034,tensor(0.0923)
13481,tensor(0.0290)
1382,tensor(0.0698)
14122,tensor(0.0305)
15845,tensor(0.0286)
4563,tensor(0.0180)
1818,tensor(-0.0194)
11865,tensor(0.0903)
17443,tensor(-0.0100)
10944,tensor(0.0325)
3254,tensor(-0.0172)
9495,tensor(0.0463)
8216,tensor(-0.0504)
17484,tensor(0.0248)
9570,tensor(0.0076)
6385,tensor(0.0222)
4045,tensor(0.0161)
10978,tensor(0.0453)
3697,tensor(-0.0223)
2077,tensor(0.0027)
747,tensor(3.1114e-05)
1964,tensor(-0.0113)
2805,tensor(-0.0053)
3836,tensor(-0.0006)
14471,tensor(-0.0362)
17840,tensor(0.0457)
7140,tensor(0.0027)
13958,tensor(0.0015)
13653,tensor(0.0024)
12126,tensor(0.0077)
13080,tensor(0.1782)
4948,tensor(0.0135)
4110,tensor(0.0442)
2362,tensor(0.0061)
17117,tensor(0.0007)
7681,tensor(0.0287)
12469,tensor(0.0800)
3860,tensor(0.0137)
8422,tensor(0.0061)
2577,tensor(0.0744)
15571,tensor(0.0135)
5710,tensor(0.0615)
2391,tensor(0.0896)
30,tensor(0.1366)
17741,tensor(0.0838)
8733,tensor(0.0083)
11373,tensor(0.0530)
16535,tensor(0.0213)
9790,tensor(0.0621)
15029,tensor(0.0040)
2570,tensor(0.0436)
8611,tensor(-0.0156)
2229,tensor(-0.0422)
3276,tensor(0.0603)
11887,tensor(-0.0493)
15345,tensor(0.0112)
4646,tensor(-0.0051)
11415,tensor(0.0146)
5179,tensor(-0.0351)
10294,tensor(-0.0856)
3553,tensor(0.0108)
17748,tensor(0.0127)
5838,tensor(-0.0016)
9717,tensor(-0.0032)
7532,tensor(-0.0195)
1492,tensor(0.0152)
5387,tensor(0.0702)
5087,tensor(0.0240)
10951,tensor(0.0285)
6841,tensor(-0.0141)
7946,tensor(0.0170)
6200,tensor(0.0127)
6482,tensor(0.0890)
6083,tensor(-0.0026)
17714,tensor(-0.0031)
3097,tensor(0.0904)
9976,tensor(-0.0095)
15965,tensor(0.0146)
14198,tensor(0.0245)
11724,tensor(0.0061)
1903,tensor(0.0011)
11151,tensor(0.0061)
15884,tensor(0.0433)
16410,tensor(0.0322)
9817,tensor(0.0493)
11499,tensor(0.0140)
1339,tensor(0.0415)
552,tensor(-0.0160)
12288,tensor(0.0211)
13525,tensor(0.0287)
3513,tensor(0.0428)
1802,tensor(0.0563)
7809,tensor(0.0270)
15686,tensor(-0.0167)
11742,tensor(0.0031)
13323,tensor(0.0140)
15833,tensor(0.0080)
14207,tensor(0.0659)
15776,tensor(0.0041)
4134,tensor(-0.0095)
9164,tensor(0.0228)
16089,tensor(0.0206)
13662,tensor(0.0209)
11095,tensor(0.0882)
10232,tensor(0.0255)
12207,tensor(0.0278)
7649,tensor(0.0173)
9877,tensor(0.0236)
4248,tensor(0.0220)
12302,tensor(-0.0134)
621,tensor(-0.0413)
5030,tensor(0.0739)
8777,tensor(-0.0018)
5444,tensor(-0.0378)
5325,tensor(0.0009)
15966,tensor(0.0418)
12127,tensor(0.1431)
8690,tensor(0.0191)
6299,tensor(0.1316)
12679,tensor(-0.0341)
17136,tensor(0.0329)
3946,tensor(-0.0242)
12505,tensor(0.0270)
4908,tensor(-0.0133)
11502,tensor(0.0751)
8115,tensor(0.0105)
11054,tensor(0.0447)
16406,tensor(-0.0113)
3299,tensor(0.0550)
14976,tensor(0.0283)
1223,tensor(0.0824)
6485,tensor(0.0473)
14312,tensor(0.0207)
6781,tensor(-0.0243)
3466,tensor(0.0371)
14882,tensor(-0.0232)
12750,tensor(0.0101)
12661,tensor(0.0077)
17321,tensor(0.0092)
6351,tensor(0.0299)
16764,tensor(-0.0705)
3594,tensor(0.0094)
4113,tensor(-0.0051)
13687,tensor(-0.0052)
15872,tensor(0.0333)
16586,tensor(-0.0077)
12883,tensor(0.0067)
9794,tensor(0.0652)
12939,tensor(-0.0058)
14755,tensor(0.0081)
2215,tensor(0.0074)
1233,tensor(0.0192)
2877,tensor(-0.0153)
12924,tensor(0.0405)
550,tensor(0.0451)
13715,tensor(-0.0199)
6835,tensor(0.0280)
5982,tensor(0.0198)
12581,tensor(0.0652)
4658,tensor(0.0279)
8486,tensor(0.0267)
15414,tensor(-0.0081)
3392,tensor(0.0379)
7580,tensor(0.0168)
9486,tensor(0.0080)
4698,tensor(0.0619)
8816,tensor(-0.0082)
10293,tensor(0.0104)
13290,tensor(-0.0127)
15032,tensor(0.0257)
1051,tensor(-0.0261)
13253,tensor(-0.0019)
16324,tensor(0.0416)
17166,tensor(-0.0015)
854,tensor(0.0675)
13373,tensor(0.0326)
952,tensor(-0.0084)
1629,tensor(-0.0371)
4898,tensor(-0.0077)
821,tensor(0.0678)
12369,tensor(0.0048)
1845,tensor(0.0312)
13666,tensor(0.0013)
12052,tensor(0.0041)
11998,tensor(0.0068)
13757,tensor(0.0092)
14267,tensor(-0.0628)
17833,tensor(0.0443)
3519,tensor(-0.0486)
1630,tensor(-0.0039)
7283,tensor(0.0542)
1224,tensor(-0.0040)
14211,tensor(-0.0013)
15476,tensor(-0.0226)
16082,tensor(-0.0092)
516,tensor(0.0221)
5313,tensor(-0.0081)
6972,tensor(-0.0696)
10589,tensor(0.0251)
16666,tensor(0.0253)
9801,tensor(0.0239)
6955,tensor(0.0051)
16,tensor(0.2351)
6036,tensor(0.0341)
7593,tensor(0.0166)
17885,tensor(-0.0114)
17310,tensor(0.0281)
1469,tensor(0.0340)
7254,tensor(-0.0262)
15598,tensor(-0.0379)
14843,tensor(0.0680)
2266,tensor(0.0473)
13755,tensor(0.0112)
17177,tensor(0.0877)
14721,tensor(-0.0037)
11079,tensor(0.0184)
10966,tensor(0.0039)
16310,tensor(-0.0478)
11318,tensor(-0.0386)
11587,tensor(0.0159)
15868,tensor(-0.0362)
17350,tensor(-0.0064)
5938,tensor(0.1753)
15014,tensor(0.0079)
7755,tensor(-0.0040)
13933,tensor(0.0848)
36,tensor(0.0444)
16970,tensor(0.0192)
16503,tensor(0.1388)
11393,tensor(0.0198)
9179,tensor(0.0110)
15742,tensor(0.0278)
5784,tensor(-0.0076)
16034,tensor(0.0035)
6102,tensor(-0.0253)
3323,tensor(-0.0175)
17468,tensor(0.0306)
11983,tensor(0.0246)
11402,tensor(0.0395)
10655,tensor(0.0132)
1721,tensor(-0.0700)
16711,tensor(0.1322)
7587,tensor(0.0554)
12983,tensor(-0.0643)
10411,tensor(0.0372)
12770,tensor(-0.0080)
13633,tensor(0.0742)
990,tensor(0.0147)
9041,tensor(0.0275)
16426,tensor(0.0319)
11826,tensor(-0.0120)
5244,tensor(0.0018)
2306,tensor(-0.0198)
11557,tensor(-0.0468)
5732,tensor(0.0401)
1672,tensor(0.0316)
2220,tensor(0.0398)
4830,tensor(0.0213)
4136,tensor(0.0649)
8106,tensor(0.0577)
11422,tensor(0.0254)
16334,tensor(-0.0307)
17959,tensor(0.0077)
6387,tensor(0.0142)
5454,tensor(-0.0257)
7824,tensor(-0.0021)
17180,tensor(0.0144)
3732,tensor(-0.0137)
5206,tensor(0.0410)
17164,tensor(-0.0132)
8460,tensor(0.0651)
16928,tensor(0.0149)
15714,tensor(-0.0139)
11053,tensor(0.0027)
6313,tensor(0.0238)
13440,tensor(0.0176)
14883,tensor(0.0167)
16583,tensor(0.0909)
3214,tensor(0.0025)
11030,tensor(0.0445)
1892,tensor(-0.0189)
14878,tensor(0.0279)
11933,tensor(0.0260)
9804,tensor(0.0076)
8670,tensor(-0.0309)
8285,tensor(0.0447)
280,tensor(0.0095)
12984,tensor(-0.0203)
8207,tensor(-0.0091)
10866,tensor(0.0082)
2372,tensor(-0.0090)
4448,tensor(0.0426)
8140,tensor(0.0005)
10518,tensor(0.0195)
13767,tensor(0.0425)
2322,tensor(0.0233)
13244,tensor(-0.0153)
4709,tensor(0.0325)
4546,tensor(0.0023)
10427,tensor(-0.0028)
7451,tensor(-0.0075)
13227,tensor(0.0388)
11382,tensor(0.7860)
5304,tensor(-0.0026)
11233,tensor(-0.1514)
1354,tensor(0.0240)
3894,tensor(-0.0091)
2868,tensor(0.0659)
4887,tensor(0.0071)
8812,tensor(0.7245)
6188,tensor(0.0093)
15418,tensor(0.0200)
7467,tensor(0.7044)
17498,tensor(0.0333)
8297,tensor(0.0010)
6402,tensor(0.0711)
220,tensor(0.0207)
6647,tensor(0.0218)
16495,tensor(0.0394)
7723,tensor(0.0009)
5661,tensor(-0.0115)
17160,tensor(0.0032)
12293,tensor(0.0008)
375,tensor(0.0553)
17655,tensor(0.1109)
1114,tensor(0.0319)
8404,tensor(-0.0058)
8052,tensor(-0.0036)
2407,tensor(0.2305)
10613,tensor(0.0821)
11411,tensor(0.0629)
9643,tensor(0.3028)
15383,tensor(0.0414)
11326,tensor(0.0259)
11961,tensor(-0.0212)
16267,tensor(0.0360)
5440,tensor(-0.0148)
16069,tensor(0.0138)
17242,tensor(-0.0110)
1072,tensor(0.0304)
17012,tensor(0.0308)
8605,tensor(0.0173)
1452,tensor(0.0060)
9115,tensor(0.1533)
17016,tensor(-0.0190)
13186,tensor(0.1370)
8097,tensor(0.0005)
14922,tensor(0.0469)
5689,tensor(0.0270)
12330,tensor(0.0866)
6406,tensor(-0.0237)
5672,tensor(0.0403)
3637,tensor(-0.0203)
10781,tensor(0.0031)
335,tensor(0.0187)
8290,tensor(-0.0330)
5483,tensor(0.0108)
15616,tensor(0.0118)
17477,tensor(0.0275)
11242,tensor(0.0247)
10265,tensor(0.0221)
13040,tensor(0.0276)
7579,tensor(0.0064)
5713,tensor(0.0186)
11877,tensor(0.0145)
17716,tensor(0.0298)
6468,tensor(0.0158)
12398,tensor(0.1337)
9952,tensor(0.0313)
16477,tensor(0.0130)
9388,tensor(-0.0016)
13781,tensor(0.0108)
6652,tensor(0.0568)
15428,tensor(0.0126)
7645,tensor(0.0304)
8791,tensor(-0.0439)
1265,tensor(-0.0013)
15137,tensor(-0.0238)
13124,tensor(0.0292)
16595,tensor(0.0209)
13106,tensor(0.0907)
16288,tensor(0.0570)
2933,tensor(0.1878)
4266,tensor(-0.0117)
5172,tensor(-0.0170)
8678,tensor(0.0724)
14956,tensor(-0.0050)
735,tensor(0.0167)
6160,tensor(-0.0031)
5742,tensor(0.1125)
15046,tensor(0.0674)
3973,tensor(0.0088)
623,tensor(0.0093)
8747,tensor(0.0663)
8009,tensor(0.0612)
12623,tensor(-0.0139)
8741,tensor(0.0496)
12704,tensor(-0.0059)
12904,tensor(-0.0526)
2036,tensor(0.0569)
13857,tensor(0.0837)
8866,tensor(0.1874)
11469,tensor(0.0618)
6958,tensor(-0.0027)
12500,tensor(0.0467)
17387,tensor(-0.0302)
13839,tensor(0.0301)
17765,tensor(-0.0081)
5761,tensor(0.0158)
12017,tensor(-0.0104)
5219,tensor(0.0428)
11061,tensor(0.0329)
1080,tensor(0.0086)
15338,tensor(0.0665)
3015,tensor(0.0260)
9564,tensor(0.0390)
5706,tensor(-0.0300)
17888,tensor(0.6279)
15219,tensor(-0.0048)
5887,tensor(-0.0775)
3033,tensor(-0.0016)
10727,tensor(-0.0227)
11000,tensor(0.0645)
14481,tensor(0.0282)
4786,tensor(0.1236)
7851,tensor(0.0239)
6434,tensor(0.0128)
17717,tensor(0.0183)
12340,tensor(0.1272)
4296,tensor(0.0213)
11970,tensor(0.0139)
16790,tensor(-0.0162)
4276,tensor(0.0016)
14128,tensor(0.0069)
131,tensor(-0.0262)
1054,tensor(0.0020)
9632,tensor(0.0155)
3636,tensor(-0.0220)
5298,tensor(-0.0146)
11719,tensor(-0.0077)
15607,tensor(0.0682)
9576,tensor(-0.0252)
3498,tensor(0.0192)
3963,tensor(-0.0075)
393,tensor(0.0510)
3978,tensor(0.0474)
12594,tensor(-0.0090)
7785,tensor(0.0401)
12376,tensor(0.0479)
6472,tensor(0.0260)
6465,tensor(-0.0023)
4864,tensor(0.0162)
3800,tensor(-0.0274)
789,tensor(0.0341)
13895,tensor(-0.0028)
1099,tensor(0.0203)
4236,tensor(0.0098)
4239,tensor(0.0168)
6107,tensor(-0.0155)
16045,tensor(-0.0393)
1554,tensor(-0.0117)
13953,tensor(0.0183)
1839,tensor(0.0192)
4155,tensor(0.0705)
9362,tensor(0.0216)
6057,tensor(-0.0021)
3370,tensor(-0.0231)
2760,tensor(-0.2554)
5318,tensor(-0.0246)
10231,tensor(0.0038)
799,tensor(-0.0121)
4390,tensor(0.0297)
14685,tensor(0.0495)
4086,tensor(-0.0191)
9086,tensor(0.1331)
11531,tensor(-0.0250)
3693,tensor(-0.0768)
2192,tensor(-0.0105)
16775,tensor(0.0404)
3928,tensor(0.0250)
12371,tensor(0.0081)
12061,tensor(-0.0102)
16946,tensor(0.0052)
12772,tensor(0.0632)
2293,tensor(0.0239)
13842,tensor(0.0696)
13230,tensor(0.1730)
5256,tensor(-0.0062)
14624,tensor(0.0074)
8035,tensor(-0.0106)
9615,tensor(-0.0384)
9716,tensor(0.0029)
17657,tensor(0.0730)
9761,tensor(0.0844)
14453,tensor(-0.0048)
16883,tensor(-0.0023)
2819,tensor(0.0048)
4167,tensor(-0.0196)
5261,tensor(-0.0084)
7452,tensor(0.0029)
17388,tensor(0.0087)
7836,tensor(0.0060)
2852,tensor(-0.0072)
13810,tensor(0.0073)
3277,tensor(-0.0026)
15416,tensor(-0.0207)
1418,tensor(0.1350)
937,tensor(0.0053)
15782,tensor(0.0018)
16299,tensor(0.0195)
184,tensor(0.0069)
13235,tensor(0.0199)
1916,tensor(0.0215)
5894,tensor(0.0204)
10976,tensor(0.0282)
3729,tensor(-0.0260)
9829,tensor(0.0002)
10267,tensor(0.0017)
8724,tensor(0.0038)
8278,tensor(-0.0031)
10039,tensor(0.0041)
9094,tensor(0.0321)
5693,tensor(0.0105)
7512,tensor(0.0067)
5347,tensor(-0.0007)
13585,tensor(-0.0238)
4201,tensor(0.0613)
3640,tensor(0.0120)
2051,tensor(0.0193)
15028,tensor(0.0004)
11735,tensor(-0.0232)
6237,tensor(0.0123)
6757,tensor(0.0389)
8256,tensor(0.0136)
2537,tensor(0.6482)
10050,tensor(-0.0269)
8145,tensor(0.0231)
2079,tensor(0.0119)
13078,tensor(0.0202)
12361,tensor(0.0170)
4281,tensor(0.0230)
652,tensor(0.0005)
7070,tensor(0.0304)
3300,tensor(0.7259)
10292,tensor(0.0078)
7511,tensor(-0.0298)
4765,tensor(-0.0021)
6799,tensor(0.0143)
597,tensor(0.0109)
4027,tensor(0.0045)
11133,tensor(-0.0706)
5841,tensor(0.0051)
5452,tensor(-0.0087)
4905,tensor(0.0054)
6132,tensor(0.0291)
14970,tensor(0.5549)
17786,tensor(0.0189)
1953,tensor(0.0336)
10138,tensor(0.0031)
14600,tensor(0.0455)
9844,tensor(-0.0064)
13385,tensor(0.0639)
16297,tensor(0.0963)
4662,tensor(0.0193)
16251,tensor(-0.0091)
1856,tensor(-0.0137)
13181,tensor(0.0163)
5322,tensor(0.0076)
4554,tensor(0.0295)
2335,tensor(-0.0053)
9167,tensor(0.0449)
13249,tensor(-0.0388)
10439,tensor(0.0258)
13912,tensor(0.0725)
5473,tensor(0.0562)
14848,tensor(0.0485)
12381,tensor(-0.0182)
7161,tensor(-0.0057)
11704,tensor(0.2064)
7711,tensor(0.0157)
13520,tensor(-0.0348)
17731,tensor(0.0415)
2917,tensor(-0.0197)
7656,tensor(-0.0055)
13039,tensor(-0.0241)
7471,tensor(0.0063)
17609,tensor(0.0807)
6974,tensor(0.0313)
14491,tensor(0.0314)
16703,tensor(0.0188)
1087,tensor(-0.0092)
5873,tensor(0.0068)
8620,tensor(0.0165)
3170,tensor(0.0854)
3126,tensor(-0.0305)
14539,tensor(0.0198)
3420,tensor(0.0037)
1250,tensor(0.1156)
14023,tensor(-0.0059)
17641,tensor(0.0225)
3147,tensor(0.0919)
15350,tensor(0.7254)
17880,tensor(0.0187)
14500,tensor(0.0372)
5702,tensor(-0.0346)
14017,tensor(0.0719)
10680,tensor(-0.0306)
13139,tensor(0.0133)
2975,tensor(0.0096)
14073,tensor(-0.0240)
14509,tensor(0.0359)
11638,tensor(0.0834)
15963,tensor(0.0357)
14005,tensor(0.0260)
14106,tensor(-0.0149)
15498,tensor(0.0271)
8844,tensor(0.0575)
2569,tensor(0.0608)
17550,tensor(-0.0138)
3320,tensor(0.0200)
9749,tensor(0.0289)
7857,tensor(0.1883)
15509,tensor(-0.0301)
12269,tensor(0.0483)
10031,tensor(0.0049)
1049,tensor(0.0088)
3801,tensor(0.0418)
8310,tensor(0.1817)
13656,tensor(0.0164)
13501,tensor(0.0525)
9795,tensor(-0.0133)
2584,tensor(0.0376)
17021,tensor(0.0084)
4814,tensor(-0.0409)
3515,tensor(0.0586)
1271,tensor(-0.0085)
17595,tensor(-0.0054)
645,tensor(-0.0133)
6422,tensor(0.0935)
817,tensor(0.0310)
662,tensor(0.0207)
7673,tensor(-0.0063)
4518,tensor(0.0565)
8226,tensor(0.0163)
11579,tensor(0.0317)
17063,tensor(0.0124)
12133,tensor(0.0657)
8020,tensor(0.0089)
9512,tensor(0.0327)
9685,tensor(-0.0015)
14118,tensor(0.0877)
15268,tensor(-0.1018)
3218,tensor(0.1120)
14595,tensor(-0.0153)
7228,tensor(0.0030)
11836,tensor(0.0205)
12825,tensor(0.0313)
1144,tensor(0.0097)
1773,tensor(-0.0142)
5787,tensor(0.0465)
5227,tensor(0.0039)
12047,tensor(0.1218)
13498,tensor(0.0140)
8112,tensor(0.0087)
6541,tensor(0.0419)
835,tensor(0.0619)
6242,tensor(-0.0018)
7021,tensor(0.0146)
13734,tensor(0.0018)
5166,tensor(-0.0252)
12890,tensor(0.0353)
2479,tensor(0.1512)
14619,tensor(0.0300)
6439,tensor(-0.0025)
1076,tensor(-0.0833)
15707,tensor(-0.0031)
10066,tensor(0.0038)
14527,tensor(0.0042)
1190,tensor(0.0170)
2248,tensor(0.0011)
6393,tensor(-0.0012)
13886,tensor(0.0283)
17788,tensor(0.0091)
10032,tensor(0.0327)
2233,tensor(0.0004)
8744,tensor(-0.0011)
16664,tensor(0.0028)
10795,tensor(-0.0130)
3487,tensor(0.1023)
5964,tensor(0.0122)
5596,tensor(0.0406)
213,tensor(-0.0028)
3132,tensor(0.0151)
10253,tensor(-0.0562)
6712,tensor(-0.0166)
15717,tensor(0.1757)
7567,tensor(-0.0231)
9149,tensor(0.0439)
4406,tensor(-0.0021)
13358,tensor(0.0371)
12407,tensor(0.6561)
3781,tensor(-0.0295)
7752,tensor(-0.0070)
8885,tensor(0.1196)
6804,tensor(0.0682)
12956,tensor(0.0015)
9978,tensor(-0.0048)
12216,tensor(-0.0498)
4839,tensor(0.0280)
1362,tensor(-0.0042)
3805,tensor(0.0381)
7675,tensor(0.0034)
14321,tensor(-0.0003)
8624,tensor(0.0610)
13071,tensor(0.0618)
8362,tensor(0.0503)
1704,tensor(-0.0176)
16626,tensor(0.0070)
6300,tensor(0.0160)
1392,tensor(-0.0312)
7765,tensor(-0.0120)
3496,tensor(0.0140)
1043,tensor(0.0070)
13408,tensor(0.0249)
8480,tensor(0.0445)
15812,tensor(-0.1437)
12804,tensor(-0.0260)
10750,tensor(0.0259)
10562,tensor(0.0557)
3887,tensor(-0.0255)
17255,tensor(0.1239)
4297,tensor(0.0973)
4010,tensor(-0.0007)
10301,tensor(0.2191)
6055,tensor(0.1158)
1116,tensor(0.3162)
15942,tensor(0.0496)
6379,tensor(-0.0024)
1301,tensor(-0.0954)
2137,tensor(0.0043)
2068,tensor(0.0113)
16205,tensor(0.0258)
16604,tensor(-0.0011)
1456,tensor(0.0713)
11614,tensor(0.7547)
6069,tensor(0.0845)
3174,tensor(0.0286)
15270,tensor(0.0478)
11431,tensor(-0.0081)
1841,tensor(-0.0033)
3961,tensor(0.1122)
12383,tensor(-0.1763)
3671,tensor(0.0122)
8196,tensor(0.0273)
15541,tensor(0.0460)
3661,tensor(0.0505)
13926,tensor(-0.0193)
12366,tensor(0.0032)
10408,tensor(0.0055)
1597,tensor(0.0165)
14999,tensor(0.0178)
15673,tensor(-0.0835)
14553,tensor(-0.0098)
1849,tensor(-0.0307)
7141,tensor(-0.1883)
17,tensor(-0.0490)
3414,tensor(0.0165)
12565,tensor(0.0074)
8323,tensor(0.0136)
1998,tensor(0.0218)
6962,tensor(-0.0096)
10278,tensor(0.0362)
8953,tensor(0.0281)
10152,tensor(0.0450)
5331,tensor(-0.0553)
2651,tensor(-0.0027)
5286,tensor(0.0187)
1082,tensor(0.0727)
5734,tensor(0.0157)
14784,tensor(-0.0156)
9653,tensor(0.0274)
2695,tensor(0.0490)
9960,tensor(-0.0354)
14288,tensor(0.0129)
598,tensor(0.0179)
14246,tensor(-0.0411)
1373,tensor(-0.0227)
11537,tensor(0.0210)
17939,tensor(0.0312)
13018,tensor(0.0350)
15015,tensor(-0.0122)
11950,tensor(-0.0324)
12526,tensor(-0.0157)
9102,tensor(0.0943)
17658,tensor(0.0228)
2174,tensor(0.0325)
10722,tensor(-0.0012)
15830,tensor(-0.0140)
6105,tensor(0.0179)
12757,tensor(-0.0296)
3446,tensor(-0.0198)
2598,tensor(0.0852)
2599,tensor(0.0039)
9210,tensor(0.0143)
16756,tensor(0.0100)
7313,tensor(0.0228)
13740,tensor(0.0301)
15451,tensor(-0.0225)
14998,tensor(0.0133)
5120,tensor(0.0228)
5125,tensor(-0.0097)
1683,tensor(0.0216)
16041,tensor(0.0295)
2502,tensor(0.0073)
3737,tensor(0.1484)
3976,tensor(-0.0401)
3939,tensor(-0.0058)
9484,tensor(-0.0100)
2848,tensor(0.0210)
9724,tensor(0.0182)
556,tensor(-0.0110)
6991,tensor(0.0596)
13617,tensor(0.0849)
10670,tensor(-0.0069)
8163,tensor(0.0380)
13439,tensor(-0.0121)
16957,tensor(-0.0057)
3291,tensor(0.0173)
5154,tensor(-0.1045)
4808,tensor(-0.0200)
3601,tensor(-0.0148)
8645,tensor(0.0009)
7187,tensor(-0.0126)
10905,tensor(0.0510)
2063,tensor(-0.0203)
9199,tensor(0.1623)
11154,tensor(0.0420)
9987,tensor(-0.0004)
10280,tensor(0.1324)
8578,tensor(0.0070)
14389,tensor(-0.0376)
1766,tensor(0.6264)
374,tensor(-0.0053)
2903,tensor(0.0206)
12632,tensor(-0.0094)
12476,tensor(0.0341)
8971,tensor(0.0861)
14164,tensor(0.0078)
16365,tensor(0.0641)
1961,tensor(-0.0356)
11782,tensor(0.2012)
8068,tensor(0.0209)
6240,tensor(-0.0180)
7626,tensor(0.0083)
8939,tensor(0.0667)
515,tensor(-0.0208)
9798,tensor(0.0400)
16509,tensor(0.0448)
10863,tensor(0.0541)
2275,tensor(-0.0297)
10262,tensor(0.0244)
564,tensor(0.0104)
4612,tensor(-0.0294)
7756,tensor(0.0166)
3696,tensor(0.0510)
10874,tensor(-0.0088)
11525,tensor(0.0314)
3586,tensor(-0.0053)
11397,tensor(0.7571)
3456,tensor(0.0644)
15305,tensor(0.0206)
6633,tensor(0.0275)
862,tensor(-0.3051)
4237,tensor(-0.0992)
16771,tensor(-0.0352)
13452,tensor(-0.0131)
12409,tensor(-0.0381)
11114,tensor(0.0174)
3868,tensor(0.0337)
5456,tensor(0.0535)
1985,tensor(0.0219)
219,tensor(0.0350)
14746,tensor(0.2025)
7229,tensor(0.0325)
13313,tensor(0.0247)
10399,tensor(0.0293)
10095,tensor(-0.0269)
8639,tensor(0.0321)
11818,tensor(-0.0774)
5791,tensor(-0.0304)
16047,tensor(0.0309)
12394,tensor(0.0368)
12414,tensor(0.0528)
17227,tensor(-0.0588)
16436,tensor(-0.0762)
888,tensor(-0.0090)
15244,tensor(0.0243)
3189,tensor(0.0419)
16206,tensor(-0.0197)
5594,tensor(0.3166)
5866,tensor(-0.0080)
9600,tensor(0.0268)
4168,tensor(0.0140)
13877,tensor(0.0264)
12323,tensor(0.0087)
11591,tensor(0.0601)
11129,tensor(0.2181)
2290,tensor(0.0137)
17843,tensor(0.0066)
15027,tensor(0.0009)
14582,tensor(-0.0360)
6426,tensor(0.0063)
3138,tensor(0.0578)
10964,tensor(-0.0294)
2182,tensor(-0.0325)
17797,tensor(0.0736)
10581,tensor(0.0583)
14342,tensor(-0.0182)
15849,tensor(0.0136)
17815,tensor(-0.0287)
11934,tensor(-0.0353)
2889,tensor(-0.0212)
11137,tensor(0.0085)
2461,tensor(-0.0759)
5017,tensor(0.0601)
11783,tensor(0.0059)
3678,tensor(0.0030)
9477,tensor(0.0359)
10517,tensor(-0.0417)
10491,tensor(0.0245)
1882,tensor(0.0067)
8570,tensor(-0.0107)
15171,tensor(0.0179)
3222,tensor(0.1767)
16762,tensor(0.0030)
13034,tensor(0.0658)
8261,tensor(0.0121)
4699,tensor(0.0097)
5492,tensor(0.0460)
8897,tensor(0.0770)
14484,tensor(0.0566)
3649,tensor(0.0320)
17478,tensor(0.0086)
6894,tensor(0.1783)
594,tensor(-0.1013)
9704,tensor(-0.0175)
17380,tensor(0.0144)
6778,tensor(0.0294)
3712,tensor(0.0086)
5079,tensor(0.0608)
1731,tensor(-0.0013)
10263,tensor(0.0193)
3092,tensor(0.0121)
11168,tensor(0.0488)
10560,tensor(-0.0070)
4596,tensor(0.0248)
17279,tensor(0.0883)
7095,tensor(0.0089)
10075,tensor(0.0080)
1196,tensor(0.0659)
9204,tensor(0.0273)
2119,tensor(0.0122)
11972,tensor(0.0125)
1859,tensor(-0.1197)
11984,tensor(0.0208)
1761,tensor(-0.0517)
3365,tensor(0.1117)
11324,tensor(0.0117)
13262,tensor(-0.0389)
5573,tensor(0.0633)
11283,tensor(0.0223)
18013,tensor(0.0754)
13872,tensor(-0.0119)
13182,tensor(0.0682)
1979,tensor(0.0265)
17146,tensor(-0.0537)
7570,tensor(0.0078)
15410,tensor(-0.0196)
14566,tensor(0.0287)
17371,tensor(0.0252)
1244,tensor(-0.0404)
17162,tensor(0.0001)
4073,tensor(0.1046)
3840,tensor(0.0772)
5807,tensor(0.0284)
14270,tensor(0.1308)
9867,tensor(0.3683)
9745,tensor(-0.0262)
2491,tensor(-0.0387)
2469,tensor(0.0243)
198,tensor(0.0225)
9682,tensor(0.0482)
9775,tensor(0.0753)
3674,tensor(0.0065)
12797,tensor(-0.0487)
8673,tensor(0.0140)
9453,tensor(0.0146)
12280,tensor(0.0001)
16968,tensor(0.0268)
578,tensor(0.0089)
8231,tensor(0.0047)
16137,tensor(0.0822)
4914,tensor(-0.0031)
15527,tensor(0.0195)
17905,tensor(-0.0696)
1879,tensor(0.0120)
17660,tensor(0.0268)
12234,tensor(0.0527)
7862,tensor(-0.0091)
1041,tensor(-0.0646)
3366,tensor(0.1349)
8853,tensor(0.0161)
5563,tensor(0.0067)
11672,tensor(-5.5373e-05)
11906,tensor(0.0389)
2694,tensor(0.0499)
10452,tensor(0.0250)
4625,tensor(-0.0116)
11654,tensor(0.0908)
253,tensor(0.0327)
6405,tensor(0.0537)
14415,tensor(0.0076)
9971,tensor(0.0319)
16751,tensor(0.0343)
11388,tensor(0.0311)
378,tensor(-0.0277)
9567,tensor(0.0048)
301,tensor(-0.0022)
7204,tensor(0.0091)
4911,tensor(0.0152)
13354,tensor(0.0224)
504,tensor(0.0338)
8064,tensor(-0.0167)
5731,tensor(-0.0096)
16296,tensor(0.0810)
14427,tensor(-0.0497)
4056,tensor(0.0115)
7272,tensor(-0.0370)
7257,tensor(-0.0051)
16915,tensor(0.1819)
8728,tensor(0.0360)
12978,tensor(0.0020)
1922,tensor(0.0322)
2775,tensor(0.0047)
14581,tensor(0.0167)
582,tensor(-0.0106)
4654,tensor(-0.0535)
1530,tensor(0.0355)
2747,tensor(-0.0078)
5748,tensor(0.0388)
10226,tensor(-0.0143)
16363,tensor(0.0493)
11795,tensor(0.0040)
17703,tensor(-0.0082)
4993,tensor(-0.0389)
17313,tensor(-0.0139)
9150,tensor(-0.0477)
15936,tensor(-0.0232)
4017,tensor(0.0251)
3994,tensor(0.0135)
15789,tensor(0.0116)
5868,tensor(0.0090)
5062,tensor(-0.0507)
5488,tensor(-0.0063)
3044,tensor(0.0375)
1869,tensor(0.0048)
17217,tensor(-0.0185)
1739,tensor(-0.0331)
14686,tensor(0.0067)
11514,tensor(0.0238)
8667,tensor(0.0146)
13697,tensor(0.0204)
15153,tensor(0.0097)
4742,tensor(-0.0009)
17874,tensor(0.1251)
6889,tensor(0.0036)
15239,tensor(-0.0024)
17598,tensor(-0.0123)
2177,tensor(0.0124)
5218,tensor(-0.0208)
5683,tensor(0.0010)
2927,tensor(0.0735)
15633,tensor(0.1310)
448,tensor(0.0375)
12625,tensor(0.1148)
3988,tensor(0.0048)
2089,tensor(-0.0545)
2213,tensor(-0.0392)
6949,tensor(-0.0080)
9138,tensor(0.0563)
10290,tensor(0.0421)
10773,tensor(0.0010)
7633,tensor(-0.0079)
6463,tensor(0.0115)
4637,tensor(0.0036)
1507,tensor(-0.0423)
12466,tensor(0.0240)
12096,tensor(0.0356)
16474,tensor(0.0229)
17088,tensor(0.0043)
14770,tensor(0.0800)
11253,tensor(0.0264)
1203,tensor(0.0141)
9656,tensor(0.0580)
4559,tensor(-0.0138)
7581,tensor(0.0192)
9289,tensor(-0.0049)
7523,tensor(0.0180)
2016,tensor(0.0061)
17552,tensor(0.0435)
16677,tensor(-0.0050)
702,tensor(0.0497)
871,tensor(0.0308)
13448,tensor(0.0160)
1003,tensor(-0.0841)
8736,tensor(0.0246)
6372,tensor(-0.0052)
13596,tensor(0.0111)
17635,tensor(0.7940)
11049,tensor(0.0195)
12301,tensor(-0.0123)
8332,tensor(0.0011)
14869,tensor(-0.0174)
12957,tensor(0.0334)
13852,tensor(0.0133)
16001,tensor(0.0793)
17711,tensor(0.0931)
9403,tensor(0.0263)
8944,tensor(0.1843)
1866,tensor(-0.0011)
15170,tensor(-0.0112)
1349,tensor(0.0022)
10535,tensor(0.0201)
13096,tensor(0.0792)
7604,tensor(0.0246)
15290,tensor(0.0191)
14184,tensor(0.0604)
16641,tensor(0.0254)
14142,tensor(0.0178)
4510,tensor(-0.0035)
753,tensor(0.0530)
8947,tensor(0.0117)
12351,tensor(0.0241)
15378,tensor(0.0532)
16155,tensor(0.0988)
17820,tensor(0.0617)
12835,tensor(0.0369)
4791,tensor(0.0162)
10283,tensor(0.0288)
656,tensor(-0.0197)
9058,tensor(0.0060)
3182,tensor(0.0197)
1941,tensor(0.0517)
9118,tensor(-0.1554)
2416,tensor(0.0169)
15570,tensor(0.0507)
11405,tensor(-0.0304)
15262,tensor(0.0214)
11677,tensor(-0.0035)
12388,tensor(0.0159)
3053,tensor(0.0594)
8653,tensor(0.0435)
11986,tensor(-0.0317)
16816,tensor(-0.0015)
8356,tensor(0.0071)
21,tensor(0.0214)
1626,tensor(0.0528)
5034,tensor(0.0119)
7303,tensor(0.0297)
266,tensor(0.0055)
8888,tensor(0.1130)
1302,tensor(0.0219)
9404,tensor(0.0031)
11387,tensor(-0.0683)
11605,tensor(0.1002)
10258,tensor(0.5790)
8202,tensor(-0.0350)
10947,tensor(0.0177)
5547,tensor(0.0292)
13431,tensor(0.0073)
2401,tensor(-0.0024)
7822,tensor(-0.0217)
9718,tensor(-0.0239)
4877,tensor(-0.0063)
14013,tensor(-0.0071)
12966,tensor(0.1142)
6344,tensor(0.0118)
16291,tensor(0.1001)
16948,tensor(-0.0191)
6230,tensor(0.0946)
11464,tensor(0.0016)
14790,tensor(0.0431)
1619,tensor(0.0860)
11968,tensor(0.0448)
722,tensor(0.0937)
11074,tensor(0.0481)
15622,tensor(0.0576)
9363,tensor(-0.0054)
7713,tensor(-0.0259)
5574,tensor(0.0479)
4521,tensor(0.1635)
10839,tensor(0.0418)
14387,tensor(0.0404)
3151,tensor(0.0501)
13943,tensor(0.0394)
2832,tensor(0.7826)
1531,tensor(0.0320)
10406,tensor(0.0011)
4376,tensor(0.0349)
15825,tensor(0.0477)
3130,tensor(-0.0194)
11524,tensor(-0.0200)
14965,tensor(-0.0799)
12444,tensor(-0.0311)
8328,tensor(0.5984)
6969,tensor(0.0371)
1828,tensor(0.1472)
7325,tensor(0.0137)
1694,tensor(-0.0174)
8589,tensor(0.0043)
16807,tensor(-0.0097)
10133,tensor(-0.0004)
12395,tensor(0.0023)
13406,tensor(0.0120)
5643,tensor(0.0144)
1173,tensor(0.0055)
9533,tensor(0.0416)
16134,tensor(0.0235)
13626,tensor(0.0487)
2023,tensor(0.0592)
10198,tensor(0.0089)
15253,tensor(0.0263)
10625,tensor(0.0046)
7733,tensor(0.0015)
2146,tensor(0.0461)
13019,tensor(-0.0171)
4548,tensor(0.0390)
3231,tensor(0.0398)
7936,tensor(-0.0091)
15516,tensor(0.0430)
4348,tensor(-0.0037)
15169,tensor(0.0053)
9516,tensor(0.0736)
13263,tensor(-0.0189)
3187,tensor(0.0211)
16449,tensor(-0.0268)
5544,tensor(0.0264)
3199,tensor(-0.0155)
6976,tensor(-0.0094)
1195,tensor(-0.0277)
4090,tensor(-0.0155)
5834,tensor(0.0024)
1167,tensor(0.0643)
15445,tensor(-0.0159)
5423,tensor(0.0081)
8595,tensor(0.0014)
6593,tensor(0.0139)
15692,tensor(0.0175)
17653,tensor(0.1297)
11947,tensor(-0.0197)
8962,tensor(0.0375)
4704,tensor(-0.0507)
16653,tensor(0.0441)
3798,tensor(0.0026)
15917,tensor(0.0096)
13531,tensor(0.0377)
13514,tensor(-0.0143)
14259,tensor(0.0199)
16127,tensor(-0.0073)
9130,tensor(-0.0063)
15955,tensor(-0.0367)
16777,tensor(0.0283)
4508,tensor(0.0023)
4175,tensor(0.0612)
17697,tensor(0.0653)
2623,tensor(-0.0062)
2464,tensor(0.0155)
7973,tensor(0.1123)
8566,tensor(-0.0106)
383,tensor(-0.0042)
10078,tensor(0.0114)
9278,tensor(0.0243)
4199,tensor(0.0988)
4254,tensor(0.0175)
7832,tensor(0.0084)
8194,tensor(0.0067)
17208,tensor(0.0223)
8198,tensor(0.0191)
930,tensor(0.0541)
4273,tensor(0.0027)
13335,tensor(-0.0065)
16000,tensor(-0.0158)
8545,tensor(0.0102)
14541,tensor(0.0447)
1665,tensor(0.0510)
10831,tensor(0.0561)
9695,tensor(0.0468)
9956,tensor(0.0125)
1109,tensor(0.0061)
931,tensor(-0.0051)
540,tensor(0.0020)
12516,tensor(0.0532)
2681,tensor(0.0106)
18018,tensor(0.0085)
11617,tensor(0.0149)
13932,tensor(0.0201)
10803,tensor(0.0244)
11237,tensor(-0.0061)
4212,tensor(0.1164)
2717,tensor(-0.0141)
11687,tensor(0.1175)
10847,tensor(0.0186)
13650,tensor(-0.0716)
8382,tensor(0.0761)
9508,tensor(0.0108)
1676,tensor(-0.0227)
644,tensor(-0.0114)
4562,tensor(0.0032)
11895,tensor(0.0094)
15310,tensor(0.1302)
4371,tensor(-0.0300)
15393,tensor(0.0629)
879,tensor(0.0163)
2349,tensor(0.0015)
9766,tensor(-0.0075)
7924,tensor(-0.0058)
6726,tensor(0.0488)
11820,tensor(0.0147)
10490,tensor(0.0939)
9398,tensor(-0.0129)
12235,tensor(-0.0128)
11890,tensor(0.1178)
4202,tensor(-0.0349)
15523,tensor(0.0423)
5464,tensor(0.0335)
4684,tensor(-0.0381)
1459,tensor(-0.0164)
8102,tensor(0.0435)
14650,tensor(-0.0351)
10956,tensor(0.0256)
384,tensor(0.0440)
10583,tensor(0.1084)
5442,tensor(0.0247)
17107,tensor(0.0253)
6486,tensor(0.6091)
12239,tensor(-0.0020)
10553,tensor(-0.0206)
3112,tensor(0.0538)
12747,tensor(0.0075)
14498,tensor(-0.0078)
16770,tensor(0.0431)
14048,tensor(0.0976)
12785,tensor(-0.0111)
13816,tensor(0.0306)
14800,tensor(0.0554)
4960,tensor(0.1143)
13362,tensor(0.0240)
8714,tensor(-0.0172)
12032,tensor(-0.1327)
16433,tensor(0.0787)
8370,tensor(0.0645)
5378,tensor(-0.0069)
8001,tensor(-0.0157)
12291,tensor(0.0233)
14852,tensor(0.0113)
10836,tensor(0.0059)
4055,tensor(0.0038)
17316,tensor(0.0612)
3476,tensor(-0.0044)
8516,tensor(-0.0227)
11521,tensor(0.0032)
1405,tensor(0.0088)
13642,tensor(0.0394)
13587,tensor(0.0313)
3415,tensor(-0.0361)
17995,tensor(0.0286)
16065,tensor(0.0360)
14335,tensor(0.1924)
8514,tensor(0.0203)
4760,tensor(-0.0317)
4642,tensor(0.0564)
17040,tensor(0.0040)
7338,tensor(-0.0116)
2062,tensor(0.0984)
9662,tensor(0.0478)
13503,tensor(0.1099)
7217,tensor(0.0040)
7899,tensor(-0.0068)
3858,tensor(0.0534)
11893,tensor(0.0509)
5757,tensor(0.0145)
2420,tensor(0.8521)
17769,tensor(0.0154)
14180,tensor(0.0481)
12988,tensor(0.0294)
15610,tensor(0.0279)
1141,tensor(0.0081)
7963,tensor(-0.0508)
2799,tensor(0.0299)
9930,tensor(0.0023)
8209,tensor(0.0169)
2268,tensor(-0.0217)
430,tensor(0.0081)
5321,tensor(0.0403)
89,tensor(0.0151)
15558,tensor(0.0177)
16582,tensor(-0.1323)
15282,tensor(0.0058)
12802,tensor(0.0043)
14139,tensor(-0.0266)
5806,tensor(0.0039)
14320,tensor(-0.0291)
2768,tensor(-0.0063)
7113,tensor(0.0113)
2762,tensor(-0.0034)
16564,tensor(0.0399)
4648,tensor(0.0281)
1152,tensor(0.0009)
239,tensor(0.0061)
16197,tensor(-0.0309)
8889,tensor(0.0973)
16748,tensor(0.0186)
5586,tensor(0.1809)
1948,tensor(0.1639)
12443,tensor(-0.0396)
361,tensor(0.0346)
8528,tensor(0.0249)
201,tensor(0.0031)
12248,tensor(-0.0073)
8389,tensor(0.0004)
8553,tensor(0.0147)
13392,tensor(-0.0072)
15065,tensor(0.0010)
3811,tensor(0.7333)
16791,tensor(-0.0153)
7578,tensor(0.0445)
1105,tensor(0.0314)
13610,tensor(0.0374)
16207,tensor(-0.0558)
11979,tensor(0.0371)
6706,tensor(0.1305)
5174,tensor(0.0263)
778,tensor(0.0179)
9726,tensor(0.0284)
13710,tensor(0.0245)
10634,tensor(-0.0194)
11862,tensor(0.0048)
9196,tensor(-0.0044)
7769,tensor(-0.0141)
13721,tensor(-0.0160)
6229,tensor(0.0311)
13635,tensor(0.0144)
12854,tensor(0.0182)
8381,tensor(0.0276)
1440,tensor(0.0240)
7882,tensor(-0.0218)
16157,tensor(0.2020)
2336,tensor(0.0281)
9750,tensor(-0.0021)
9759,tensor(-0.0093)
16184,tensor(0.0006)
14655,tensor(0.0313)
13837,tensor(-0.0132)
10621,tensor(0.0528)
4363,tensor(0.0267)
13568,tensor(-0.0093)
7343,tensor(0.0010)
9088,tensor(-0.0100)
6954,tensor(0.0169)
1486,tensor(0.0100)
6343,tensor(0.0312)
16398,tensor(0.1404)
15156,tensor(0.0482)
8060,tensor(0.0065)
15583,tensor(0.0059)
5735,tensor(-0.0069)
13451,tensor(-0.0113)
12790,tensor(0.0051)
8588,tensor(0.1364)
15399,tensor(0.0336)
17360,tensor(0.0311)
5788,tensor(-0.0270)
14418,tensor(-0.0036)
11255,tensor(0.0351)
9183,tensor(0.1168)
4117,tensor(-0.0237)
9076,tensor(0.0687)
4700,tensor(0.0715)
17349,tensor(0.0323)
15096,tensor(-0.0028)
16225,tensor(0.0280)
12472,tensor(0.0033)
11539,tensor(0.1030)
5977,tensor(0.0245)
12575,tensor(-0.0386)
9855,tensor(0.0220)
925,tensor(-0.0281)
14528,tensor(0.0430)
7685,tensor(0.0444)
12246,tensor(-0.0201)
9018,tensor(-0.0159)
13928,tensor(0.0627)
1334,tensor(0.0540)
6186,tensor(0.0019)
14490,tensor(0.0008)
17020,tensor(0.0350)
11732,tensor(-0.0183)
16734,tensor(0.0054)
12076,tensor(-0.0184)
3947,tensor(0.2088)
7437,tensor(-0.0115)
7525,tensor(-0.0033)
1746,tensor(0.0785)
6342,tensor(-0.0270)
6970,tensor(0.0548)
7655,tensor(-0.0020)
14402,tensor(0.0030)
12586,tensor(0.0079)
9908,tensor(0.0017)
6458,tensor(-0.0034)
10910,tensor(-0.0035)
1924,tensor(-0.0281)
17878,tensor(-0.0213)
12705,tensor(0.0307)
2312,tensor(-0.0107)
4805,tensor(0.2225)
10959,tensor(-0.0388)
17965,tensor(0.0580)
1055,tensor(0.0205)
7319,tensor(0.0163)
7029,tensor(0.0610)
2017,tensor(0.1535)
7622,tensor(0.0394)
5176,tensor(0.0279)
3475,tensor(0.0625)
8,tensor(0.0215)
22,tensor(0.0619)
10369,tensor(0.0010)
17663,tensor(-0.0755)
15012,tensor(0.0884)
7472,tensor(0.0059)
10612,tensor(0.0103)
15663,tensor(0.1932)
17942,tensor(0.0680)
12829,tensor(0.0294)
3763,tensor(0.0152)
17872,tensor(0.0173)
7716,tensor(0.0904)
10973,tensor(-0.0163)
14792,tensor(0.0619)
16168,tensor(-0.0164)
17504,tensor(0.0667)
4664,tensor(0.0595)
13965,tensor(-0.0292)
10150,tensor(0.1401)
16558,tensor(-0.0264)
10909,tensor(0.0134)
5332,tensor(-0.0097)
14788,tensor(0.0110)
7559,tensor(0.0211)
3399,tensor(0.0203)
8720,tensor(-0.0159)
6721,tensor(0.0032)
11936,tensor(0.0182)
8272,tensor(0.0450)
12713,tensor(0.0084)
5070,tensor(0.0292)
992,tensor(-0.0054)
9599,tensor(0.0151)
3166,tensor(-0.0058)
5484,tensor(0.0054)
8335,tensor(-0.0298)
11872,tensor(-0.0243)
15985,tensor(-0.0271)
10735,tensor(0.0122)
10216,tensor(0.0419)
9410,tensor(-0.0201)
5413,tensor(0.0254)
16982,tensor(0.0050)
4345,tensor(0.0227)
5273,tensor(0.0399)
17087,tensor(-0.0877)
17558,tensor(-0.0807)
4496,tensor(0.0127)
5233,tensor(0.0752)
13909,tensor(-0.0193)
9080,tensor(-0.0015)
17068,tensor(-0.0436)
16322,tensor(-0.0108)
9291,tensor(0.0541)
6098,tensor(0.0228)
2703,tensor(0.0174)
3610,tensor(0.0942)
878,tensor(-0.0043)
8158,tensor(0.0161)
12242,tensor(0.0296)
7727,tensor(0.0168)
11497,tensor(0.0756)
11176,tensor(0.0578)
9986,tensor(0.0304)
7826,tensor(0.0577)
7971,tensor(-0.0101)
6957,tensor(0.0036)
11048,tensor(0.0064)
804,tensor(0.0266)
10755,tensor(-0.0773)
12013,tensor(0.0148)
17812,tensor(0.0669)
2752,tensor(0.0286)
7425,tensor(0.0113)
4987,tensor(-0.0046)
9871,tensor(-0.0051)
4163,tensor(0.1175)
15710,tensor(0.0163)
8658,tensor(0.0102)
7119,tensor(0.1392)
10217,tensor(9.2149e-05)
6925,tensor(-0.0136)
4733,tensor(0.0302)
8477,tensor(0.0453)
4752,tensor(0.0271)
5114,tensor(0.0018)
15397,tensor(0.0036)
5382,tensor(0.0183)
18065,tensor(-0.0064)
2143,tensor(-0.0308)
5853,tensor(-0.0109)
10885,tensor(0.0048)
15661,tensor(0.0037)
11309,tensor(-0.0090)
13118,tensor(0.0666)
10020,tensor(-0.0259)
14840,tensor(0.0013)
14454,tensor(-0.0048)
14114,tensor(-0.0037)
12882,tensor(0.0398)
18060,tensor(-0.0202)
4533,tensor(-0.0029)
4215,tensor(-0.1241)
9644,tensor(0.0117)
17819,tensor(0.0984)
11575,tensor(0.0858)
2456,tensor(-0.0322)
1199,tensor(0.0220)
11541,tensor(0.0275)
12580,tensor(0.0042)
8591,tensor(0.0168)
10542,tensor(0.0023)
11062,tensor(0.0180)
8273,tensor(-0.0007)
16443,tensor(0.0309)
983,tensor(0.0301)
8441,tensor(0.0363)
1259,tensor(0.0321)
2262,tensor(-0.0011)
11981,tensor(0.0169)
2781,tensor(0.0592)
12634,tensor(0.0136)
8552,tensor(0.0366)
66,tensor(-0.0991)
14899,tensor(-0.0005)
8822,tensor(-0.0709)
17202,tensor(0.1118)
1663,tensor(0.0086)
5097,tensor(0.0011)
1952,tensor(0.0433)
1689,tensor(0.0225)
13726,tensor(-0.0211)
15114,tensor(0.0329)
12151,tensor(0.0150)
7211,tensor(-0.0437)
6544,tensor(0.0063)
14291,tensor(-0.0204)
17081,tensor(0.0368)
11690,tensor(0.0097)
6123,tensor(-0.0138)
7779,tensor(0.0195)
13065,tensor(-0.0037)
5122,tensor(0.1492)
13919,tensor(-0.0122)
8956,tensor(-0.0035)
1408,tensor(0.0377)
10137,tensor(0.0288)
3642,tensor(-0.0123)
13589,tensor(-0.0180)
9051,tensor(0.0236)
15817,tensor(-0.0052)
13815,tensor(0.0185)
13063,tensor(0.0080)
1736,tensor(0.0353)
7661,tensor(-0.0010)
1625,tensor(0.0171)
9746,tensor(-0.0020)
13841,tensor(0.0007)
16211,tensor(-0.0352)
15195,tensor(0.1557)
14480,tensor(0.0009)
4614,tensor(0.0125)
9700,tensor(0.0281)
17822,tensor(0.0082)
4734,tensor(0.0162)
11007,tensor(0.0174)
12796,tensor(-0.0327)
3084,tensor(-0.0028)
2360,tensor(-0.0053)
9342,tensor(0.0166)
12035,tensor(0.0069)
15010,tensor(0.0272)
16307,tensor(0.0353)
5570,tensor(-0.0058)
10398,tensor(0.0033)
13813,tensor(0.2201)
8424,tensor(-0.0057)
8626,tensor(0.0025)
1695,tensor(0.0745)
7006,tensor(0.0377)
15950,tensor(-0.0459)
4424,tensor(-0.0074)
3782,tensor(0.0747)
1296,tensor(-0.0165)
10397,tensor(0.0317)
8554,tensor(0.0257)
3579,tensor(-0.0055)
17111,tensor(0.1149)
6448,tensor(0.0105)
16693,tensor(-0.0179)
1935,tensor(0.0407)
12339,tensor(0.0169)
2257,tensor(0.0128)
11311,tensor(0.0176)
15478,tensor(0.0247)
11774,tensor(0.0098)
4247,tensor(0.0316)
10401,tensor(0.2071)
15085,tensor(0.0119)
16859,tensor(-0.0320)
14696,tensor(0.1110)
6322,tensor(0.0663)
15658,tensor(0.0305)
9358,tensor(-0.0024)
4900,tensor(0.0591)
12686,tensor(0.0017)
11804,tensor(-0.0006)
2408,tensor(0.0099)
5059,tensor(0.0104)
13157,tensor(0.0080)
2507,tensor(0.0006)
14991,tensor(0.0294)
11716,tensor(0.0143)
4640,tensor(-0.0009)
15877,tensor(0.0229)
13923,tensor(0.0228)
10348,tensor(0.0587)
7200,tensor(-0.0286)
2178,tensor(0.0317)
4222,tensor(0.0180)
4707,tensor(-0.0067)
11765,tensor(0.0256)
12093,tensor(-0.0243)
3864,tensor(0.0479)
17568,tensor(0.0407)
17535,tensor(0.0334)
429,tensor(-0.0032)
12420,tensor(-0.0620)
10300,tensor(0.0013)
5144,tensor(-0.0022)
17192,tensor(0.0606)
7206,tensor(0.0073)
11152,tensor(-0.0204)
2410,tensor(0.0124)
2922,tensor(0.1033)
153,tensor(0.0180)
15340,tensor(0.0065)
1179,tensor(-0.0291)
1737,tensor(0.0010)
5511,tensor(0.7252)
14847,tensor(0.0025)
4352,tensor(0.0861)
864,tensor(0.0139)
12485,tensor(0.0725)
5324,tensor(0.0063)
4454,tensor(0.0117)
10968,tensor(-0.0680)
1743,tensor(0.0055)
12677,tensor(-0.0331)
14252,tensor(0.0037)
5146,tensor(-0.0086)
14235,tensor(0.0325)
2846,tensor(0.0352)
1634,tensor(0.0161)
12453,tensor(-0.0647)
738,tensor(0.0161)
779,tensor(0.0293)
4417,tensor(0.0095)
12318,tensor(0.0455)
5476,tensor(0.7934)
10925,tensor(-0.0073)
3145,tensor(-0.0100)
17236,tensor(-0.0711)
4026,tensor(0.0499)
7152,tensor(0.0078)
15388,tensor(-0.0146)
9786,tensor(0.0987)
7073,tensor(-0.0175)
3958,tensor(-0.0217)
6932,tensor(0.0433)
4907,tensor(0.0061)
18035,tensor(-0.0016)
11312,tensor(-0.0097)
12818,tensor(0.0149)
11045,tensor(-0.0436)
6753,tensor(-0.0095)
11332,tensor(0.0049)
15520,tensor(-0.0016)
3035,tensor(0.0037)
14087,tensor(-0.0197)
14378,tensor(-0.0007)
610,tensor(0.0130)
9009,tensor(-0.0191)
14674,tensor(0.0719)
3825,tensor(-0.0328)
11802,tensor(0.0038)
15257,tensor(0.0205)
13990,tensor(-0.0148)
3786,tensor(-0.0234)
5530,tensor(0.0439)
9720,tensor(0.0179)
7784,tensor(0.0058)
916,tensor(-0.0072)
2727,tensor(0.8067)
2678,tensor(-0.0213)
348,tensor(-0.0122)
16298,tensor(-0.0081)
11892,tensor(0.0321)
7647,tensor(0.0870)
11509,tensor(0.0243)
14003,tensor(0.0074)
3027,tensor(0.0567)
17203,tensor(-0.0466)
5624,tensor(0.0301)
16992,tensor(0.0459)
12665,tensor(0.0189)
2729,tensor(-0.0061)
7225,tensor(0.0205)
13490,tensor(-0.0046)
8118,tensor(0.0235)
5736,tensor(0.0390)
4835,tensor(0.0086)
5229,tensor(-0.0132)
774,tensor(-0.0082)
16009,tensor(0.0458)
8330,tensor(0.0065)
7908,tensor(0.0305)
6597,tensor(0.0246)
6551,tensor(0.0317)
2534,tensor(-0.0728)
13311,tensor(0.0033)
10556,tensor(0.0465)
13468,tensor(0.0110)
12970,tensor(0.0038)
8506,tensor(-0.0028)
13291,tensor(0.0844)
10563,tensor(0.0543)
6017,tensor(0.0348)
13446,tensor(0.1905)
8948,tensor(0.0065)
16257,tensor(-0.0059)
11080,tensor(0.0021)
796,tensor(-0.0086)
7590,tensor(-0.0099)
7847,tensor(0.0497)
6231,tensor(0.0175)
13856,tensor(0.0853)
16922,tensor(0.0185)
306,tensor(-0.0004)
1338,tensor(-0.0538)
17097,tensor(0.0351)
4007,tensor(0.0288)
10908,tensor(0.0113)
13499,tensor(-0.0019)
15804,tensor(0.0295)
16390,tensor(0.0153)
17336,tensor(0.0276)
2798,tensor(-0.0154)
16341,tensor(-0.0249)
15154,tensor(-0.0027)
5708,tensor(0.0123)
17290,tensor(0.1510)
12852,tensor(-0.0193)
15688,tensor(-0.0463)
6366,tensor(-0.0844)
14019,tensor(-0.0140)
16100,tensor(0.0731)
14011,tensor(0.0026)
17133,tensor(0.0442)
2480,tensor(-0.0422)
14464,tensor(0.0205)
5348,tensor(-0.0071)
5645,tensor(-0.0132)
4356,tensor(0.0233)
1078,tensor(-0.0203)
11416,tensor(0.0193)
17542,tensor(0.0395)
11474,tensor(-0.0154)
12741,tensor(-0.0039)
7708,tensor(0.0399)
15390,tensor(-0.0608)
13271,tensor(0.0275)
5467,tensor(0.0016)
11707,tensor(0.0034)
14762,tensor(0.0131)
5967,tensor(-0.0019)
15981,tensor(0.0232)
15736,tensor(-0.0336)
3247,tensor(0.0098)
10284,tensor(0.0330)
2159,tensor(0.0372)
12356,tensor(0.0207)
8347,tensor(0.0246)
7701,tensor(-0.0130)
3413,tensor(0.0193)
15312,tensor(-0.0253)
972,tensor(0.0646)
2691,tensor(0.0093)
8041,tensor(0.1190)
1465,tensor(0.0168)
17531,tensor(0.0228)
4903,tensor(-0.0086)
8914,tensor(0.0486)
6232,tensor(0.0213)
16302,tensor(-0.0178)
13902,tensor(0.0004)
8307,tensor(0.0278)
9062,tensor(0.0370)
16619,tensor(0.0233)
12858,tensor(-0.0131)
6168,tensor(0.0106)
4696,tensor(-0.0564)
13206,tensor(0.0272)
6920,tensor(-0.0173)
17289,tensor(0.0348)
12807,tensor(-0.0450)
5480,tensor(0.0311)
3237,tensor(-0.0222)
4632,tensor(0.0316)
16321,tensor(-0.0124)
14641,tensor(0.0968)
7741,tensor(-0.0044)
9015,tensor(-0.0098)
10421,tensor(0.0073)
14172,tensor(0.0293)
12571,tensor(0.0374)
7174,tensor(0.0143)
15839,tensor(0.0053)
5354,tensor(-0.0073)
10006,tensor(0.8161)
6831,tensor(-0.0383)
2637,tensor(-0.0305)
1898,tensor(0.0494)
14735,tensor(-0.0315)
13584,tensor(0.0250)
7241,tensor(0.0170)
14351,tensor(-0.0192)
12146,tensor(0.0535)
4332,tensor(-0.0090)
17879,tensor(0.0384)
681,tensor(-0.0016)
11917,tensor(0.0089)
14348,tensor(0.0071)
3714,tensor(-0.0030)
5839,tensor(0.0185)
128,tensor(0.0181)
12102,tensor(0.0156)
7237,tensor(-0.0091)
11553,tensor(-0.0483)
16610,tensor(0.0220)
14143,tensor(0.0647)
1426,tensor(-0.0479)
3266,tensor(-0.0078)
13032,tensor(0.0161)
6543,tensor(0.0099)
5375,tensor(-0.0213)
7245,tensor(0.0453)
15466,tensor(0.0009)
9351,tensor(-0.0195)
4946,tensor(0.0336)
16002,tensor(0.0166)
6126,tensor(0.0464)
3045,tensor(-0.0261)
8527,tensor(0.0088)
13590,tensor(-0.0040)
7374,tensor(-0.0002)
10623,tensor(-0.0120)
7839,tensor(0.0021)
7743,tensor(0.0385)
13336,tensor(0.0060)
14311,tensor(0.0299)
4597,tensor(-0.0108)
8164,tensor(0.0231)
2698,tensor(-0.0229)
6081,tensor(0.0106)
6096,tensor(0.0798)
9887,tensor(0.0361)
7903,tensor(0.0577)
14375,tensor(0.0058)
6407,tensor(-0.0346)
459,tensor(0.0048)
11993,tensor(-0.0067)
387,tensor(-0.0244)
14155,tensor(0.0192)
16842,tensor(0.0945)
14648,tensor(0.0972)
2166,tensor(0.0573)
3076,tensor(0.0090)
17696,tensor(-0.0142)
9645,tensor(0.0106)
9341,tensor(0.0131)
17466,tensor(0.0127)
8173,tensor(-0.0092)
14988,tensor(0.0517)
12317,tensor(0.0449)
9896,tensor(0.0048)
9715,tensor(-0.0533)
2147,tensor(0.0315)
13447,tensor(0.0098)
7004,tensor(-0.0047)
11189,tensor(0.0217)
3522,tensor(0.0595)
18024,tensor(0.0730)
14689,tensor(0.0151)
14113,tensor(-0.0257)
7288,tensor(0.0256)
15993,tensor(-0.0688)
12989,tensor(0.0098)
10967,tensor(0.0732)
10177,tensor(0.0456)
1107,tensor(0.0170)
5365,tensor(0.0041)
14672,tensor(-0.0082)
1864,tensor(0.0607)
7407,tensor(-0.0175)
16694,tensor(0.0414)
4292,tensor(0.0227)
14028,tensor(-0.0216)
17857,tensor(0.0254)
2038,tensor(0.0279)
1389,tensor(0.0594)
14957,tensor(-0.0019)
11016,tensor(-0.0441)
17222,tensor(-0.0303)
10559,tensor(0.0084)
10120,tensor(0.0358)
6321,tensor(-0.0017)
2972,tensor(0.0055)
9035,tensor(-0.0132)
4882,tensor(-0.0176)
4232,tensor(0.0045)
9649,tensor(-0.0116)
11429,tensor(-0.0062)
12544,tensor(0.0331)
2008,tensor(0.0475)
3375,tensor(0.0227)
9344,tensor(0.0057)
7648,tensor(0.0920)
12598,tensor(-0.0021)
13915,tensor(-0.0111)
7263,tensor(-0.0010)
9093,tensor(0.0543)
13629,tensor(-0.0357)
8399,tensor(-0.0154)
3482,tensor(-0.0105)
1925,tensor(0.0894)
12832,tensor(0.0809)
5417,tensor(-0.0006)
15373,tensor(0.0399)
8293,tensor(-0.0048)
13457,tensor(-0.0242)
9875,tensor(-0.0069)
1170,tensor(0.0076)
12284,tensor(0.0030)
1918,tensor(0.0180)
1899,tensor(-0.0004)
9292,tensor(0.0883)
6797,tensor(0.0309)
147,tensor(-0.0031)
5607,tensor(0.0482)
16085,tensor(0.0678)
14909,tensor(-0.0015)
2924,tensor(0.0704)
14385,tensor(0.0443)
12833,tensor(0.0634)
663,tensor(-0.0035)
9849,tensor(-0.0277)
11940,tensor(-0.0114)
14146,tensor(-0.0040)
6292,tensor(0.0304)
13028,tensor(-0.0194)
4862,tensor(0.0349)
9947,tensor(0.0069)
9364,tensor(0.0139)
4952,tensor(-0.0167)
824,tensor(-0.0088)
3444,tensor(0.0240)
14283,tensor(0.0249)
264,tensor(0.0713)
12714,tensor(0.1507)
146,tensor(0.0334)
12641,tensor(0.0086)
318,tensor(0.0597)
2624,tensor(0.0171)
2342,tensor(0.0102)
4458,tensor(0.0265)
6980,tensor(-0.0067)
16809,tensor(0.0463)
5319,tensor(-0.0152)
16391,tensor(-0.0263)
6088,tensor(-0.0392)
17782,tensor(0.0287)
12706,tensor(-0.0073)
9727,tensor(0.0284)
11656,tensor(-0.0043)
6450,tensor(8.3923e-05)
11386,tensor(0.0264)
6599,tensor(0.0079)
16434,tensor(0.0069)
8995,tensor(0.0162)
2202,tensor(-0.0578)
9107,tensor(0.0083)
6196,tensor(0.0058)
15528,tensor(0.1335)
4502,tensor(-0.0009)
15915,tensor(0.0357)
9592,tensor(0.0589)
7904,tensor(0.0283)
11517,tensor(-0.0371)
13538,tensor(0.0443)
6071,tensor(0.0226)
2350,tensor(0.0370)
7346,tensor(0.0553)
4314,tensor(0.0330)
15494,tensor(0.1283)
6378,tensor(0.0078)
7616,tensor(-0.0694)
4939,tensor(0.0038)
11812,tensor(-0.0056)
10890,tensor(-0.0150)
874,tensor(0.0210)
13884,tensor(-0.0091)
13864,tensor(-0.0339)
13234,tensor(0.1809)
1884,tensor(0.0160)
13332,tensor(0.0288)
6953,tensor(-0.0237)
11565,tensor(0.1073)
1562,tensor(-0.0749)
898,tensor(-0.0040)
10907,tensor(-0.0027)
14338,tensor(0.0025)
8637,tensor(0.0060)
9969,tensor(0.2083)
17324,tensor(0.0135)
12149,tensor(0.0012)
13319,tensor(0.0392)
10894,tensor(-0.0022)
11258,tensor(0.0119)
11171,tensor(0.0107)
13951,tensor(0.1409)
8851,tensor(0.0883)
9017,tensor(0.0246)
9687,tensor(-0.0061)
12655,tensor(-0.0123)
15794,tensor(0.0077)
1710,tensor(0.0309)
4978,tensor(0.0258)
13075,tensor(-0.0005)
5246,tensor(0.0460)
13052,tensor(0.0464)
12631,tensor(0.0152)
15652,tensor(-0.0149)
11205,tensor(-0.0122)
795,tensor(-0.0068)
5268,tensor(0.0530)
7428,tensor(0.0218)
2753,tensor(-0.0070)
12086,tensor(0.1051)
8660,tensor(0.0398)
5909,tensor(0.0221)
9066,tensor(0.0457)
12837,tensor(0.1171)
13423,tensor(0.0094)
6535,tensor(0.0030)
9133,tensor(0.0281)
13675,tensor(0.0119)
563,tensor(-0.0288)
2603,tensor(-0.0127)
4647,tensor(-0.0188)
12963,tensor(0.0022)
4475,tensor(0.0047)
15233,tensor(-0.0095)
13879,tensor(0.0399)
15960,tensor(0.0650)
190,tensor(-0.0143)
3319,tensor(0.0058)
16716,tensor(0.0192)
7643,tensor(0.0430)
17265,tensor(-0.0004)
2609,tensor(0.0011)
16961,tensor(0.0034)
5025,tensor(0.0022)
5926,tensor(-0.0270)
12415,tensor(-0.0679)
17694,tensor(0.1044)
16351,tensor(0.7547)
17651,tensor(0.0820)
15367,tensor(0.0211)
13016,tensor(-0.0036)
2084,tensor(0.0057)
962,tensor(-0.0089)
325,tensor(-0.1346)
17665,tensor(-0.0781)
14325,tensor(0.0568)
17988,tensor(-0.0105)
13012,tensor(-0.0193)
12885,tensor(0.0268)
17589,tensor(0.0181)
15213,tensor(0.0741)
6669,tensor(0.0249)
9,tensor(0.0226)
987,tensor(0.0970)
1700,tensor(-0.0026)
11202,tensor(0.0040)
14309,tensor(0.0212)
17643,tensor(0.0385)
15004,tensor(0.0393)
1102,tensor(0.0230)
16422,tensor(0.1400)
1587,tensor(0.0297)
17835,tensor(0.0350)
6128,tensor(-0.0441)
13738,tensor(0.0158)
5696,tensor(-0.0124)
269,tensor(-0.0041)
17987,tensor(0.0303)
7671,tensor(-0.0421)
11180,tensor(0.0119)
573,tensor(0.1584)
4242,tensor(0.0368)
12865,tensor(0.0583)
6244,tensor(0.0691)
15866,tensor(0.0710)
5875,tensor(0.0294)
3991,tensor(0.0114)
8008,tensor(0.0099)
4928,tensor(-0.0003)
3913,tensor(-0.0242)
9014,tensor(-0.0262)
17849,tensor(0.0979)
10871,tensor(-0.0292)
8865,tensor(0.0291)
17722,tensor(-0.0147)
12321,tensor(-0.0062)
14990,tensor(0.0794)
1323,tensor(0.0279)
2031,tensor(-0.0472)
12690,tensor(0.0272)
17434,tensor(0.0205)
12308,tensor(0.0237)
15880,tensor(-0.0066)
477,tensor(0.0484)
5066,tensor(0.0876)
17779,tensor(0.0018)
2527,tensor(0.0166)
840,tensor(0.0213)
9596,tensor(-0.0195)
5064,tensor(0.0027)
14030,tensor(-0.0248)
17910,tensor(0.1131)
2056,tensor(0.0955)
4078,tensor(0.0032)
10179,tensor(-0.0254)
4840,tensor(-0.0256)
3175,tensor(0.0521)
16691,tensor(-0.0063)
16642,tensor(-0.0278)
9904,tensor(0.0364)
4581,tensor(-0.0357)
11798,tensor(0.0476)
1500,tensor(0.0031)
13869,tensor(0.1097)
10529,tensor(0.0170)
496,tensor(0.0315)
10628,tensor(-0.0123)
15232,tensor(0.0023)
13194,tensor(0.0319)
7436,tensor(0.0247)
2667,tensor(-0.0175)
161,tensor(0.0048)
1494,tensor(0.0224)
10884,tensor(0.0048)
7619,tensor(-0.0183)
4526,tensor(-0.0127)
14134,tensor(-0.0115)
16249,tensor(0.0899)
5497,tensor(-0.0173)
6203,tensor(-0.0053)
10724,tensor(0.0141)
8169,tensor(0.0152)
2064,tensor(0.0018)
4817,tensor(-0.0187)
8547,tensor(0.0707)
9812,tensor(0.0126)
97,tensor(0.0223)
6201,tensor(0.0146)
15828,tensor(-0.0962)
6289,tensor(-0.0331)
9439,tensor(-0.0132)
1797,tensor(0.0390)
9769,tensor(-0.0224)
186,tensor(-0.0022)
17893,tensor(0.0799)
10273,tensor(0.0658)
3540,tensor(-0.0446)
6938,tensor(0.0305)
8850,tensor(0.0077)
755,tensor(0.0236)
16014,tensor(-0.0072)
17343,tensor(-0.0097)
14438,tensor(0.0260)
875,tensor(0.0259)
5869,tensor(0.0938)
14898,tensor(-0.0011)
15386,tensor(-0.0070)
11621,tensor(0.0096)
3430,tensor(-0.0002)
8871,tensor(-0.0052)
3603,tensor(-0.0033)
1942,tensor(0.0144)
1591,tensor(0.0392)
238,tensor(-0.0221)
17917,tensor(-0.0172)
11110,tensor(-0.0070)
725,tensor(-0.0095)
9967,tensor(0.0980)
3872,tensor(0.0804)
4544,tensor(0.0867)
7252,tensor(-0.0386)
15236,tensor(0.0099)
9191,tensor(0.0383)
4768,tensor(-0.0383)
16198,tensor(0.0434)
10813,tensor(0.0063)
2937,tensor(-0.0226)
8030,tensor(0.0047)
11491,tensor(-0.0238)
5009,tensor(0.0531)
11909,tensor(-0.1389)
15439,tensor(0.0695)
17035,tensor(-0.0667)
7920,tensor(-0.1322)
11550,tensor(0.0247)
10506,tensor(-0.0167)
8312,tensor(0.0109)
9842,tensor(0.0369)
1069,tensor(0.0129)
9461,tensor(-0.0558)
13630,tensor(0.0120)
9946,tensor(0.0127)
5208,tensor(-0.0005)
13964,tensor(-0.0064)
9200,tensor(-0.0116)
1119,tensor(0.1630)
1081,tensor(-0.0127)
16008,tensor(-0.0324)
5775,tensor(0.0004)
16819,tensor(-0.0129)
11046,tensor(-0.0346)
3108,tensor(-0.0340)
13467,tensor(-0.0617)
2190,tensor(0.0035)
6984,tensor(-0.0049)
13988,tensor(-0.0161)
17418,tensor(0.0756)
2311,tensor(0.0195)
11462,tensor(0.0027)
1286,tensor(-0.0097)
16971,tensor(-0.0251)
4750,tensor(0.0560)
8111,tensor(-0.0093)
6755,tensor(0.0305)
4177,tensor(-0.0053)
3207,tensor(0.0489)
12749,tensor(0.0325)
6159,tensor(0.1809)
455,tensor(-0.0073)
14237,tensor(0.0068)
13223,tensor(0.0658)
2110,tensor(0.0091)
14900,tensor(-0.0288)
2180,tensor(0.0068)
7277,tensor(0.0128)
3507,tensor(0.0318)
3938,tensor(0.3897)
312,tensor(0.0166)
2478,tensor(0.0398)
2107,tensor(-0.0026)
6928,tensor(0.1558)
16634,tensor(0.0278)
15377,tensor(-0.0053)
16947,tensor(-0.0094)
12873,tensor(0.0090)
17270,tensor(0.7234)
5951,tensor(0.0514)
7874,tensor(-0.0282)
2734,tensor(-0.0282)
12783,tensor(0.0374)
2995,tensor(0.0664)
2951,tensor(0.0911)
1920,tensor(0.0212)
2354,tensor(0.7036)
4187,tensor(-0.0064)
6517,tensor(0.0021)
14777,tensor(0.0200)
1018,tensor(0.0115)
13191,tensor(-0.0256)
10901,tensor(0.0039)
3746,tensor(0.0334)
1720,tensor(-0.0153)
7686,tensor(-0.0058)
4895,tensor(-0.0034)
9859,tensor(0.0303)
4457,tensor(-0.0369)
11809,tensor(0.0180)
8291,tensor(0.0014)
9958,tensor(0.0479)
17038,tensor(0.0057)
8259,tensor(-0.0195)
8727,tensor(0.0607)
15202,tensor(0.0548)
3893,tensor(-0.0080)
12368,tensor(0.0228)
12338,tensor(0.0052)
16760,tensor(0.1435)
1194,tensor(-0.0285)
614,tensor(-0.0154)
2522,tensor(0.0202)
2770,tensor(-0.0271)
2385,tensor(0.0602)
18014,tensor(0.0122)
14907,tensor(-0.0178)
8672,tensor(0.0095)
9274,tensor(-0.0441)
16094,tensor(0.0058)
13751,tensor(-0.0106)
7860,tensor(0.0459)
7753,tensor(-0.0112)
6274,tensor(0.0062)
13380,tensor(-0.0140)
14426,tensor(-0.0329)
16393,tensor(-0.0529)
17333,tensor(0.0044)
2286,tensor(0.7461)
2824,tensor(0.0190)
5033,tensor(0.0214)
4224,tensor(0.7317)
15603,tensor(-0.0596)
14448,tensor(-0.0275)
1850,tensor(-0.0193)
2486,tensor(-0.0468)
14119,tensor(-0.0138)
4694,tensor(-0.0022)
3012,tensor(-0.0354)
11134,tensor(0.0042)
15022,tensor(0.0032)
8563,tensor(0.0054)
4435,tensor(0.0148)
3576,tensor(0.0884)
2710,tensor(0.0106)
11793,tensor(-0.0226)
17362,tensor(0.0846)
8251,tensor(0.0248)
15448,tensor(0.0089)
8412,tensor(-0.0093)
250,tensor(-0.0031)
14786,tensor(0.0232)
17251,tensor(-0.0919)
9878,tensor(0.0144)
16778,tensor(-0.0158)
2379,tensor(-0.0006)
5060,tensor(0.0224)
1536,tensor(0.3261)
12411,tensor(-0.0095)
5184,tensor(0.0075)
9661,tensor(0.0049)
13127,tensor(0.0315)
406,tensor(0.0111)
17764,tensor(-0.0071)
17777,tensor(-0.0107)
10631,tensor(0.0088)
7883,tensor(-0.0121)
8093,tensor(-0.0073)
12386,tensor(-0.0145)
10096,tensor(0.0008)
4789,tensor(0.0177)
3144,tensor(0.0111)
8750,tensor(0.0219)
4881,tensor(0.0355)
6667,tensor(0.1191)
7105,tensor(0.0106)
3890,tensor(0.0247)
15127,tensor(-0.0160)
7658,tensor(0.0189)
17647,tensor(0.0251)
10102,tensor(0.0224)
16573,tensor(0.1797)
10027,tensor(0.0392)
14676,tensor(0.0630)
794,tensor(-0.0070)
14763,tensor(0.0321)
10960,tensor(0.0444)
471,tensor(0.0186)
17859,tensor(0.0259)
17149,tensor(0.0211)
1442,tensor(0.0427)
880,tensor(-0.0089)
10859,tensor(-0.0299)
6803,tensor(0.0082)
13218,tensor(-0.0155)
10007,tensor(0.0208)
8122,tensor(0.0361)
4214,tensor(0.1543)
10774,tensor(0.0155)
1805,tensor(0.0044)
10952,tensor(0.0246)
175,tensor(0.0271)
1487,tensor(-0.0101)
4522,tensor(-0.0173)
7689,tensor(0.0270)
10268,tensor(-0.0307)
15490,tensor(-0.0925)
1210,tensor(0.0037)
13940,tensor(0.0271)
11823,tensor(0.0252)
15248,tensor(0.0103)
9417,tensor(-0.0171)
14456,tensor(-0.0377)
15130,tensor(-0.0019)
15656,tensor(0.0420)
16987,tensor(0.0998)
4159,tensor(-0.0095)
7870,tensor(0.1700)
18036,tensor(-0.0630)
8061,tensor(0.0032)
11130,tensor(0.1188)
4137,tensor(0.8772)
13282,tensor(0.0470)
13756,tensor(0.0297)
12733,tensor(0.2682)
8630,tensor(0.0436)
2720,tensor(0.0311)
6668,tensor(0.0186)
752,tensor(0.7765)
10241,tensor(0.0205)
4712,tensor(-0.0222)
16418,tensor(0.0255)
14318,tensor(0.0801)
14493,tensor(0.0507)
5291,tensor(-0.0296)
1512,tensor(0.0094)
5189,tensor(0.0183)
120,tensor(0.0023)
13655,tensor(0.0651)
17219,tensor(0.0755)
17455,tensor(0.6328)
16712,tensor(0.0177)
3797,tensor(0.0030)
10765,tensor(-0.0042)
11018,tensor(0.0251)
2304,tensor(0.0070)
7359,tensor(0.0162)
3211,tensor(-0.0125)
1288,tensor(0.0114)
7961,tensor(0.0129)
4072,tensor(-0.0034)
2,tensor(0.0366)
11418,tensor(0.0081)
12279,tensor(0.0366)
9170,tensor(-0.0184)
12619,tensor(0.0105)
14942,tensor(0.0117)
16304,tensor(0.0370)
4497,tensor(-0.0148)
14880,tensor(0.0387)
2795,tensor(0.0315)
1188,tensor(0.0184)
9620,tensor(-0.0160)
2608,tensor(-0.0030)
11841,tensor(0.0491)
12831,tensor(-0.0170)
13518,tensor(0.0007)
17642,tensor(-0.0033)
11790,tensor(0.0094)
6250,tensor(0.0129)
12465,tensor(-4.7445e-05)
3683,tensor(0.0094)
15247,tensor(-0.0291)
1495,tensor(-0.0363)
5041,tensor(0.0334)
16813,tensor(0.0165)
10552,tensor(-0.0240)
15426,tensor(0.0435)
6963,tensor(0.0140)
222,tensor(0.0645)
1168,tensor(0.1108)
8037,tensor(0.0643)
9106,tensor(-0.0022)
15734,tensor(0.0049)
17198,tensor(-0.1314)
6791,tensor(0.0133)
11228,tensor(0.0198)
14918,tensor(-0.0007)
4432,tensor(-0.0167)
10296,tensor(-0.0155)
13062,tensor(-0.0339)
3198,tensor(-0.0201)
17233,tensor(0.1184)
15502,tensor(0.6434)
2977,tensor(0.0752)
7416,tensor(-0.0180)
10016,tensor(0.0370)
7427,tensor(0.0098)
6621,tensor(-0.0605)
11454,tensor(-0.0180)
838,tensor(-0.0105)
10347,tensor(0.0063)
14154,tensor(-0.0021)
13205,tensor(0.0073)
14524,tensor(0.0099)
14637,tensor(0.0182)
15465,tensor(0.0973)
2226,tensor(0.1285)
4084,tensor(0.7613)
13301,tensor(0.0038)
7295,tensor(-0.0309)
12424,tensor(0.0935)
434,tensor(0.0281)
12046,tensor(-0.0065)
6246,tensor(0.0427)
11840,tensor(-0.0091)
14492,tensor(-0.0025)
17430,tensor(-0.0104)
12491,tensor(0.0373)
2080,tensor(0.0759)
11222,tensor(0.0298)
485,tensor(0.0167)
6828,tensor(0.0577)
11969,tensor(0.0061)
5384,tensor(-0.0189)
12898,tensor(-0.0297)
15446,tensor(0.0083)
8694,tensor(0.0060)
13744,tensor(0.0105)
15204,tensor(0.1003)
11747,tensor(-0.0649)
12727,tensor(-0.0273)
7958,tensor(0.0091)
7435,tensor(-0.0090)
6525,tensor(0.0038)
3644,tensor(0.0228)
16531,tensor(0.0243)
4000,tensor(0.0018)
4040,tensor(0.0248)
4846,tensor(-0.0170)
10236,tensor(0.0025)
16692,tensor(0.0453)
2932,tensor(0.7016)
11639,tensor(0.3617)
683,tensor(0.0319)
17071,tensor(0.0031)
11375,tensor(-0.0209)
14620,tensor(-0.0013)
16191,tensor(0.0733)
16912,tensor(0.0468)
5872,tensor(0.0247)
14447,tensor(0.0595)
15280,tensor(0.0005)
8890,tensor(0.0252)
13453,tensor(0.0117)
534,tensor(0.7601)
8550,tensor(0.0071)
2133,tensor(0.0528)
12211,tensor(0.0455)
8711,tensor(0.0118)
7917,tensor(0.0370)
10726,tensor(0.1006)
14,tensor(0.0062)
893,tensor(0.0021)
15809,tensor(-0.0446)
5675,tensor(-0.0011)
10009,tensor(0.0385)
17566,tensor(0.0058)
17715,tensor(-0.0208)
12877,tensor(0.6334)
1840,tensor(-0.0184)
9489,tensor(-0.0141)
15848,tensor(0.0020)
16505,tensor(-0.0106)
13258,tensor(-0.0258)
15640,tensor(0.0025)
9193,tensor(0.0012)
4675,tensor(-0.0118)
14176,tensor(-0.0007)
6480,tensor(0.0355)
10279,tensor(0.1074)
3721,tensor(-0.0028)
5164,tensor(0.0154)
12732,tensor(0.0659)
955,tensor(-0.0107)
11659,tensor(-0.0200)
16445,tensor(-0.0904)
17502,tensor(0.0380)
3654,tensor(0.0117)
6639,tensor(0.0405)
12793,tensor(0.0078)
3239,tensor(0.0235)
256,tensor(-0.0011)
5345,tensor(-0.0093)
14622,tensor(0.0300)
17269,tensor(0.0725)
13728,tensor(0.0776)
4794,tensor(0.0118)
8647,tensor(-0.0419)
5107,tensor(0.0080)
8979,tensor(-0.0119)
2656,tensor(-0.0117)
11384,tensor(-0.0059)
16588,tensor(0.0830)
8147,tensor(-0.0098)
7466,tensor(0.0444)
2576,tensor(-0.0738)
17778,tensor(0.0001)
8600,tensor(0.0181)
2974,tensor(-0.0015)
749,tensor(-0.0302)
12504,tensor(0.0208)
10479,tensor(-0.0263)
17114,tensor(0.0025)
13957,tensor(0.0470)
4340,tensor(0.0045)
973,tensor(0.0635)
86,tensor(-0.0030)
9776,tensor(0.0220)
6986,tensor(-0.0077)
3398,tensor(0.0415)
6249,tensor(-0.0155)
15074,tensor(0.0629)
3904,tensor(0.0397)
720,tensor(0.0088)
11645,tensor(0.0048)
3774,tensor(-0.0099)
14289,tensor(0.0181)
11208,tensor(-0.0154)
2900,tensor(0.0855)
16888,tensor(0.0057)
3972,tensor(0.0147)
8958,tensor(0.0201)
535,tensor(0.0155)
8230,tensor(0.0055)
18047,tensor(0.0370)
11965,tensor(0.0191)
14101,tensor(0.0609)
4669,tensor(0.0861)
11421,tensor(0.0128)
1894,tensor(0.0564)
10578,tensor(0.0393)
14537,tensor(0.0030)
13899,tensor(0.0865)
17187,tensor(-0.0321)
5163,tensor(0.0157)
17619,tensor(0.0289)
3521,tensor(-0.0024)
17018,tensor(0.0291)
17392,tensor(-0.0101)
3063,tensor(0.0153)
5462,tensor(0.8194)
4822,tensor(0.0134)
2684,tensor(-0.0073)
5460,tensor(0.0162)
14430,tensor(-0.0058)
13843,tensor(0.0453)
2561,tensor(0.0076)
6005,tensor(-0.0615)
14773,tensor(-0.0263)
14109,tensor(0.0182)
14314,tensor(-0.0061)
16506,tensor(0.0046)
2965,tensor(0.0263)
6051,tensor(0.0343)
11293,tensor(0.0174)
6988,tensor(-0.0144)
4438,tensor(0.0250)
1361,tensor(0.0541)
10484,tensor(-0.0019)
1874,tensor(0.0087)
3081,tensor(-0.0396)
12022,tensor(-0.0406)
17010,tensor(0.0203)
12006,tensor(0.0033)
8383,tensor(-0.0249)
4800,tensor(-0.0283)
10776,tensor(0.0178)
6360,tensor(-0.0240)
3538,tensor(0.0377)
466,tensor(0.0615)
7311,tensor(-2.1458e-05)
9069,tensor(0.0045)
15764,tensor(0.0057)
2129,tensor(0.0444)
13416,tensor(-0.0308)
6253,tensor(0.1605)
684,tensor(-0.0088)
2272,tensor(0.0311)
14152,tensor(0.0294)
13023,tensor(0.0053)
16933,tensor(-0.0151)
8610,tensor(0.0193)
8088,tensor(0.0090)
9300,tensor(0.0370)
15040,tensor(0.0038)
8808,tensor(0.0619)
8212,tensor(0.0860)
3114,tensor(0.0342)
11213,tensor(-0.0111)
11963,tensor(0.0074)
17713,tensor(0.0785)
6840,tensor(0.0025)
12189,tensor(-0.0210)
5209,tensor(0.0472)
8221,tensor(0.0492)
11071,tensor(-0.0476)
7613,tensor(-0.0077)
12109,tensor(-0.0080)
7420,tensor(0.0901)
2392,tensor(0.0218)
10524,tensor(0.0585)
5508,tensor(0.0024)
15488,tensor(-0.0203)
14781,tensor(0.0061)
9832,tensor(-0.0242)
9485,tensor(0.0694)
4672,tensor(0.0457)
12678,tensor(-0.0378)
6141,tensor(0.0323)
12855,tensor(-0.0942)
3171,tensor(0.0221)
17969,tensor(0.0004)
17958,tensor(-0.0099)
15091,tensor(0.0216)
17732,tensor(0.8514)
12193,tensor(-0.0880)
16193,tensor(0.0121)
9097,tensor(-0.0061)
5612,tensor(0.0405)
425,tensor(0.1677)
7476,tensor(0.1272)
3213,tensor(0.1244)
17226,tensor(0.0408)
17045,tensor(0.0033)
4468,tensor(0.0087)
8203,tensor(-0.0343)
15676,tensor(0.0086)
17470,tensor(-0.0177)
17870,tensor(-0.0181)
8309,tensor(-0.0236)
17593,tensor(-0.0011)
14853,tensor(-0.0962)
14697,tensor(-0.0004)
9699,tensor(0.0079)
8348,tensor(0.0129)
16668,tensor(0.0314)
15335,tensor(0.1363)
2858,tensor(0.0091)
847,tensor(0.0170)
1186,tensor(0.0527)
2666,tensor(0.0684)
4981,tensor(0.0030)
5993,tensor(-0.0099)
3968,tensor(-0.0097)
15635,tensor(0.2959)
5005,tensor(0.0464)
16284,tensor(0.0232)
7148,tensor(-0.0256)
3834,tensor(-0.0040)
16117,tensor(0.0115)
5900,tensor(0.0099)
12400,tensor(-0.0524)
1462,tensor(0.0099)
15263,tensor(-0.0223)
10811,tensor(0.0079)
9296,tensor(0.0110)
11001,tensor(-0.0129)
16079,tensor(0.0256)
15687,tensor(0.0240)
12588,tensor(0.0016)
8361,tensor(0.2267)
9577,tensor(0.0134)
5555,tensor(-0.0306)
10136,tensor(-0.0054)
11466,tensor(-0.0127)
14161,tensor(0.0707)
7602,tensor(0.0048)
1466,tensor(0.0651)
4483,tensor(-0.0240)
17866,tensor(0.0219)
16054,tensor(-0.0523)
10869,tensor(0.0383)
8010,tensor(0.0357)
8081,tensor(-0.0024)
14768,tensor(0.0201)
7155,tensor(0.0719)
3974,tensor(0.0747)
15807,tensor(-0.0104)
4315,tensor(0.3000)
2618,tensor(-0.0056)
16548,tensor(0.0276)
1542,tensor(0.0361)
11031,tensor(0.0124)
9735,tensor(0.0329)
5358,tensor(0.0700)
12739,tensor(0.0659)
17404,tensor(-0.0137)
13712,tensor(0.0945)
9060,tensor(0.0054)
4418,tensor(0.0138)
13539,tensor(0.0007)
17522,tensor(-0.0073)
14224,tensor(-0.0108)
2804,tensor(0.0728)
1795,tensor(0.0317)
1852,tensor(-0.0018)
5569,tensor(0.0456)
14001,tensor(-0.0072)
6527,tensor(0.0451)
10801,tensor(0.0040)
11165,tensor(0.0047)
4051,tensor(-0.0905)
12643,tensor(0.0477)
3036,tensor(0.0277)
1118,tensor(0.1039)
881,tensor(0.0059)
9089,tensor(-0.0302)
17626,tensor(0.1542)
8571,tensor(0.0164)
5457,tensor(0.0288)
14963,tensor(0.0594)
13743,tensor(0.0212)
10049,tensor(0.0083)
13197,tensor(0.0556)
8223,tensor(0.0080)
14897,tensor(0.0061)
16073,tensor(-0.0222)
13474,tensor(-0.0298)
1844,tensor(0.0523)
17862,tensor(0.0102)
12857,tensor(0.2137)
11875,tensor(0.6669)
5615,tensor(0.0249)
11472,tensor(0.0236)
3581,tensor(-0.0323)
5915,tensor(0.0082)
4366,tensor(-0.0561)
10249,tensor(-0.0179)
6921,tensor(-0.0083)
5770,tensor(-0.0072)
11287,tensor(-0.0204)
5418,tensor(0.0096)
1231,tensor(-0.0184)
3071,tensor(0.0192)
8827,tensor(0.0031)
8992,tensor(0.0560)
330,tensor(0.0275)
4164,tensor(0.0027)
9085,tensor(-0.0004)
16355,tensor(0.0940)
3093,tensor(0.0267)
1437,tensor(-0.0561)
17421,tensor(-0.0356)
16199,tensor(-0.0041)
1581,tensor(-0.0390)
4068,tensor(0.0426)
11496,tensor(-0.0055)
698,tensor(-0.0158)
8840,tensor(-0.0310)
3748,tensor(0.0008)
679,tensor(0.0502)
17574,tensor(0.7334)
10237,tensor(0.0995)
14127,tensor(0.0483)
4801,tensor(0.0005)
5414,tensor(0.0128)
1632,tensor(-0.0034)
5737,tensor(-0.0396)
14783,tensor(0.0005)
14632,tensor(0.1601)
15531,tensor(0.0104)
2285,tensor(0.0190)
2513,tensor(0.0033)
17516,tensor(0.0331)
3072,tensor(0.0331)
12725,tensor(-0.0118)
16013,tensor(0.0413)
16404,tensor(0.1242)
17990,tensor(-0.0370)
12111,tensor(0.0097)
7800,tensor(0.0282)
14120,tensor(0.0178)
17591,tensor(0.0202)
14098,tensor(0.1320)
8403,tensor(0.0493)
2756,tensor(0.7034)
11854,tensor(0.0504)
6395,tensor(0.0030)
10134,tensor(-0.0051)
3394,tensor(0.0341)
10350,tensor(0.0255)
1472,tensor(-0.0106)
17476,tensor(0.0188)
2455,tensor(0.0012)
276,tensor(0.0367)
16098,tensor(-0.0062)
1579,tensor(-0.0241)
4893,tensor(0.0541)
11764,tensor(0.0021)
83,tensor(0.0047)
5177,tensor(-0.0200)
6125,tensor(-0.0023)
7001,tensor(-0.0152)
4204,tensor(0.0762)
4929,tensor(-0.0167)
16500,tensor(0.0157)
9469,tensor(-0.0128)
9657,tensor(0.1484)
10496,tensor(0.0296)
2988,tensor(0.1054)
14440,tensor(-0.0195)
12020,tensor(-0.0390)
538,tensor(0.7284)
11084,tensor(-0.0019)
13496,tensor(-0.0181)
7911,tensor(-0.0283)
5783,tensor(0.0313)
12138,tensor(0.0323)
15645,tensor(0.0537)
16214,tensor(0.0181)
10557,tensor(0.0149)
8967,tensor(0.0182)
3472,tensor(-0.0155)
15092,tensor(-0.0375)
3417,tensor(0.2193)
6904,tensor(0.0471)
13956,tensor(0.0304)
13155,tensor(0.0731)
10665,tensor(0.0039)
17391,tensor(0.0571)
3514,tensor(-0.0089)
10816,tensor(0.0344)
2237,tensor(0.0056)
17521,tensor(0.0065)
4695,tensor(0.0457)
14445,tensor(0.0303)
17284,tensor(0.0116)
12030,tensor(-0.0085)
5860,tensor(-0.0548)
7600,tensor(-0.0095)
1799,tensor(-0.0002)
5572,tensor(0.0336)
11123,tensor(0.0489)
8124,tensor(0.0148)
6846,tensor(-0.0185)
17592,tensor(-0.0024)
15447,tensor(0.0462)
15843,tensor(-0.0118)
10688,tensor(0.0605)
6281,tensor(0.0143)
7583,tensor(-0.0098)
1166,tensor(-0.0056)
7515,tensor(0.0084)
12147,tensor(0.0161)
495,tensor(-0.0066)
11960,tensor(0.0564)
11899,tensor(0.0133)
15601,tensor(0.0194)
11227,tensor(0.0839)
15485,tensor(0.0344)
1643,tensor(0.0010)
5272,tensor(0.0252)
16088,tensor(0.0209)
4524,tensor(0.0218)
10633,tensor(0.0237)
4161,tensor(0.3036)
6286,tensor(-0.0013)
10243,tensor(-0.0333)
15613,tensor(0.0327)
2692,tensor(0.0372)
16623,tensor(0.0289)
12103,tensor(0.0193)
5646,tensor(0.0103)
11177,tensor(0.0444)
15299,tensor(0.0606)
13506,tensor(0.0112)
8455,tensor(0.0069)
10814,tensor(-0.0100)
7722,tensor(0.0221)
976,tensor(-0.0169)
2242,tensor(0.0230)
17506,tensor(0.2330)
10403,tensor(0.0057)
15836,tensor(0.0073)
6723,tensor(0.0460)
1464,tensor(0.0442)
15654,tensor(0.0342)
9753,tensor(0.0268)
12266,tensor(0.0289)
3895,tensor(0.0395)
12014,tensor(0.0206)
3531,tensor(0.0075)
14499,tensor(0.0226)
12991,tensor(0.1183)
6651,tensor(-0.0310)
16830,tensor(-0.0039)
9218,tensor(-0.0013)
14409,tensor(0.0580)
956,tensor(0.0181)
6827,tensor(0.0443)
5983,tensor(-0.0055)
16488,tensor(0.0283)
6484,tensor(0.0585)
13865,tensor(-0.0496)
12082,tensor(-0.0087)
10826,tensor(0.0228)
16759,tensor(0.0032)
7166,tensor(-0.0218)
14344,tensor(0.0767)
3188,tensor(-0.0253)
7858,tensor(0.0100)
9763,tensor(-0.0162)
9328,tensor(0.0302)
16560,tensor(0.0122)
10648,tensor(0.0181)
17086,tensor(0.0767)
8059,tensor(-0.0131)
7255,tensor(0.0348)
5813,tensor(-0.0470)
15387,tensor(0.0605)
7412,tensor(0.0042)
1858,tensor(-0.0440)
9893,tensor(-0.0007)
16916,tensor(0.1490)
9517,tensor(0.0161)
11452,tensor(-0.0063)
12173,tensor(0.0368)
10474,tensor(-0.0006)
17196,tensor(-0.0180)
1295,tensor(0.0272)
4504,tensor(-0.0242)
454,tensor(0.0959)
4737,tensor(-0.0120)
8798,tensor(-0.0383)
4927,tensor(0.0105)
17161,tensor(0.3458)
14330,tensor(-0.0059)
10808,tensor(0.0129)
5187,tensor(-0.0077)
16815,tensor(0.0245)
2004,tensor(-0.0219)
8906,tensor(0.0113)
5316,tensor(-0.0022)
8024,tensor(0.0601)
16782,tensor(0.1493)
2652,tensor(-0.0424)
6735,tensor(0.0670)
12839,tensor(-0.2007)
5134,tensor(0.0027)
10694,tensor(0.1367)
13479,tensor(0.0145)
15182,tensor(-0.1006)
2638,tensor(0.1565)
208,tensor(-0.0047)
4444,tensor(0.0748)
13508,tensor(0.0486)
5772,tensor(0.0057)
10182,tensor(0.0154)
16884,tensor(0.0126)
2721,tensor(0.0035)
2300,tensor(-0.0091)
358,tensor(0.0201)
1693,tensor(0.0442)
17174,tensor(0.0754)
15396,tensor(0.0051)
14263,tensor(0.0923)
2964,tensor(0.0178)
2740,tensor(-0.0032)
9277,tensor(0.0340)
6742,tensor(0.0006)
4419,tensor(0.0374)
13051,tensor(-0.0029)
11806,tensor(0.0163)
13972,tensor(-0.0189)
12806,tensor(0.0727)
6844,tensor(0.0111)
1033,tensor(0.0059)
10617,tensor(0.0246)
13550,tensor(0.0278)
3529,tensor(-0.0306)
10495,tensor(0.0087)
1427,tensor(0.0112)
13791,tensor(-0.0049)
9806,tensor(0.0268)
10790,tensor(-0.0477)
696,tensor(-0.0163)
11197,tensor(-0.0039)
2501,tensor(0.0137)
6218,tensor(-0.0135)
3852,tensor(-0.0191)
11153,tensor(-0.0145)
3139,tensor(0.0598)
6634,tensor(0.0300)
11816,tensor(0.0606)
15750,tensor(-0.0232)
4234,tensor(0.0326)
3557,tensor(0.0106)
17469,tensor(0.0019)
1165,tensor(-0.0298)
6802,tensor(0.7367)
10590,tensor(0.0019)
11243,tensor(0.0087)
9355,tensor(-0.4913)
5432,tensor(0.0388)
17798,tensor(0.0269)
2446,tensor(0.0045)
16377,tensor(0.0536)
11653,tensor(0.0359)
12080,tensor(-0.0071)
8800,tensor(0.0005)
14271,tensor(-0.0559)
3545,tensor(0.0220)
6309,tensor(0.0335)
14985,tensor(0.0067)
16647,tensor(0.0016)
15695,tensor(0.1426)
1480,tensor(0.0047)
909,tensor(0.1051)
7376,tensor(0.0097)
7762,tensor(0.0278)
16331,tensor(0.0036)
602,tensor(0.0203)
8989,tensor(0.0177)
10313,tensor(-0.0084)
3426,tensor(0.0273)
17095,tensor(0.0242)
14189,tensor(-0.0037)
12439,tensor(0.0069)
11316,tensor(0.1670)
17970,tensor(-0.0381)
10118,tensor(-0.0146)
11630,tensor(0.8060)
17690,tensor(0.0127)
15139,tensor(-0.0314)
11937,tensor(0.0001)
11367,tensor(0.0595)
4133,tensor(0.0790)
14213,tensor(0.0124)
8785,tensor(-0.1042)
16440,tensor(-0.0265)
9939,tensor(0.1707)
4046,tensor(0.0108)
481,tensor(0.0021)
6029,tensor(-0.0022)
7696,tensor(0.0249)
13960,tensor(0.0818)
12541,tensor(0.7409)
8296,tensor(0.0231)
11532,tensor(0.2940)
3459,tensor(0.0512)
11174,tensor(0.0037)
17109,tensor(-0.0786)
10995,tensor(0.0253)
12245,tensor(0.0186)
5584,tensor(-0.0239)
6916,tensor(0.0123)
16827,tensor(0.0206)
4353,tensor(0.0062)
6574,tensor(-0.0187)
15790,tensor(-0.0009)
5626,tensor(0.0188)
16911,tensor(-0.0151)
4059,tensor(0.1034)
15136,tensor(0.1351)
9421,tensor(0.0127)
14579,tensor(0.0201)
2931,tensor(-0.0200)
10143,tensor(0.0365)
6868,tensor(-0.0089)
1888,tensor(0.0546)
4626,tensor(-0.0242)
3934,tensor(-0.0229)
16318,tensor(0.0112)
13523,tensor(0.0183)
12018,tensor(-0.0153)
9411,tensor(0.0203)
12152,tensor(0.0486)
12378,tensor(-0.0040)
3340,tensor(0.0059)
2256,tensor(-0.0062)
16502,tensor(0.1468)
7122,tensor(0.0778)
15277,tensor(-0.0062)
13104,tensor(-0.0047)
2029,tensor(-0.0244)
1938,tensor(0.0997)
4729,tensor(-0.0010)
11038,tensor(0.1126)
9452,tensor(0.0370)
6583,tensor(0.0984)
12615,tensor(0.0253)
1269,tensor(0.0680)
3168,tensor(0.0328)
8949,tensor(0.0054)
14349,tensor(-0.0155)
14284,tensor(0.0335)
6794,tensor(0.1617)
9194,tensor(-0.0198)
13741,tensor(0.0043)
17093,tensor(0.0221)
2544,tensor(-0.0019)
9635,tensor(0.0047)
8341,tensor(0.0013)
5701,tensor(-0.0327)
1684,tensor(-0.0057)
13175,tensor(-0.0076)
4379,tensor(-0.0358)
7016,tensor(0.0129)
11344,tensor(0.0006)
15708,tensor(0.0237)
10030,tensor(-0.0170)
14759,tensor(-0.0025)
1137,tensor(0.0148)
10566,tensor(-0.0153)
3599,tensor(0.0283)
2280,tensor(0.1417)
8848,tensor(0.0218)
6054,tensor(0.0328)
16277,tensor(0.0037)
5379,tensor(0.0863)
12172,tensor(-0.0671)
9768,tensor(0.0314)
8769,tensor(0.0008)
12980,tensor(0.0488)
16315,tensor(-0.0221)
15407,tensor(0.0456)
4278,tensor(-0.0091)
7926,tensor(0.0300)
10014,tensor(-0.0121)
14605,tensor(0.0033)
12336,tensor(-0.0379)
5651,tensor(-0.1025)
16923,tensor(0.0329)
14117,tensor(0.0160)
11017,tensor(0.0082)
14025,tensor(0.0475)
17943,tensor(-0.0024)
5984,tensor(-0.0047)
1347,tensor(-0.0328)
10784,tensor(-0.0307)
14669,tensor(0.1982)
4961,tensor(0.0207)
601,tensor(0.0190)
2540,tensor(0.0025)
14945,tensor(0.0304)
9105,tensor(0.0610)
6075,tensor(0.0071)
